signal_id,date,source_type,source_name,source_url,title,summary,theme,tickers_mentioned,mapped_tickers,mapped_a_shares,evidence_strength,confidence,created_at
f0520c4c50173dbd,2026-10-08,official,AWS Machine Learning Blog,https://aws.amazon.com/blogs/machine-learning/share-gpu-clusters-across-teams-with-isolation-and-fairness-using-amazon-sagemaker-hyperpod/,Share GPU clusters across teams with isolation and fairness using Amazon SageMaker HyperPod,"A reference architecture for securely sharing one Amazon SageMaker HyperPod EKS cluster across multiple teams, using AWS IAM Identity Center for authentication, per-team SageMaker Domains and Kubernetes namespaces for isolation, HyperPod Task Governance for fairness, and namespace-level cost allocation for chargeback.",AI inference serving and networking,AMZN,AMD; AMZN; ANET; AVGO; CRDO; CRWV; GOOG; MRVL; MSFT; NBIS; NVDA; ORCL,,90,86,2026-10-08T16:25:41.936136+00:00
675a1cfca9d0f5f7,2026-10-08,news,Google News: AI data center liquid cooling power,https://news.google.com/rss/articles/CBMiywFBVV95cUxQcFg0VDB5RWJnUGxKcVVkYnk1LXF6VkY2c01YTDVmYk4yZDdId29oNE41ZFpoNFppQjlKNmQyM2NvMWFPbURFdUttN19IekxXX1BXcE5vLU9OMXU4MTNlVkh1N3dyOVNUY0hycDlNSXc2UzRRZkZZbklQbkJXT1FmSlNGTXRYN0ZhZ2dvNXUzaHAyaEU4eXI3eGwxQ2RJRVVScUhHOGhINVh3RHNZeUtTWWNHV0hNaS1abEJvRl9ENzdMWXhrbzFmYkF4TQ?oc=5,NVIDIA's DSX Ready Brings Power and Cooling Into the AI Factory Blueprint - Data Center Frontier,NVIDIA's DSX Ready Brings Power and Cooling Into the AI Factory Blueprint Data Center Frontier,AI data center power and cooling; Rack-scale AI factory,NVDA,ANET; BE; CAT; CEG; CRDO; CVX; DELL; ETN; FLNC; GEV; HPE; LNG; MRVL; NEE; NVDA; OKLO; SMCI; SMR; VRT,,68,78,2026-10-08T16:25:41.936136+00:00
753563308e3f374a,2026-10-08,news,Google News: co-packaged optics AI data center CPO,https://news.google.com/rss/articles/CBMiYkFVX3lxTE4tUlE2bHZ6Sy04WkRYeXVnT2tXUHQtemFNSG5vekJGWjJ2cVZSWW1xSXFxVU81aVhCZmN4dV9qb09KMjdueE44UTZram9MRWFtcEZ6RW9hQUZneUNjYm9jdEVB?oc=5,[News] Coherent Launches PhotonLink™ Integrated Optics Platform for AI Infrastructure - LEDinside,[News] Coherent Launches PhotonLink™ Integrated Optics Platform for AI Infrastructure LEDinside,CPO and optical interconnect; Rack-scale AI factory,COHR,ANET; CIEN; COHR; CRDO; DELL; ETN; FN; GLW; HPE; LITE; MRVL; NVDA; SMCI; VRT,,68,78,2026-10-08T16:25:41.936136+00:00
60ec3d0b6116ad27,2026-10-08,news,Google News: co-packaged optics AI data center CPO,https://news.google.com/rss/articles/CBMijgJBVV95cUxQY3ZfZ2FxckJaazRpc20tNU1WdU5sZ051cUxBMnJYQXhXLVltd094UUNkc3A4WWFOWHpOY0NOT2dKWGVZVDkwRTNuTXE0WXBETzhscng1SHpWdGozNFFCSnBVcHVRX0hvZzBETklhWVRmQnlkbDVGNHVWUnNBcjFfTi11ZFh2LURLaXNHaThrd3hidnNfSzdnSElZRzlBemh0eGRQN0p6dVlhMll3aDJpQmEzTVBxdkxZUjNpM3IyV3p4TThuRng3eERmWkhjZUVsLTg5bHFESEthRG1TWHBlSW9CS1JkYVFBX2FucDlUMUpUQk00SEFsd2ZHdFQ4aVBTUUp2WU5NUXJPckx6T0HSAZMCQVVfeXFMTWFBN3poNWZmM00zek5tbGhoS1dWb3Zzbk9LV3dJelVfOFlhdktmNU9aUTZYYWJueUwxS1RBMWlmSU9pV3…,Broadcom Redefines AI Infrastructure with Industry-Leading Networking Innovations at 2026 OCP Global Summit - The Manila Times,Broadcom Redefines AI Infrastructure with Industry-Leading Networking Innovations at 2026 OCP Global Summit The Manila Times,CPO and optical interconnect; Rack-scale AI factory,AVGO,ANET; AVGO; CIEN; COHR; CRDO; DELL; ETN; FN; GLW; HPE; LITE; MRVL; NVDA; SMCI; VRT,,68,78,2026-10-08T16:25:41.936136+00:00
acfc067ecaff6832,2026-10-08,news,Google News: US domestic semiconductor supply chain advanced packaging materials equipment,https://news.google.com/rss/articles/CBMieEFVX3lxTE11QmRGQ2x5NE9ZSURheldBdnhlSkRVRlFuOHFXYWZpNFhDT2pjeldtTXRJSkU5T21fUi1tWjM1OVVHR1h4TGRwUFl3WnBmR2lMTFRtbHZQV0lFYTlTRzBSS0VlNGVYNnhmODRrYVluUl9OZl9xQlFVNA?oc=5,U.S. CoWoS Market vs TSMC: Can the U.S. Compete? - Kings Research,U.S. CoWoS Market vs TSMC: Can the U.S. Compete? Kings Research,AI PCB and advanced packaging; Semiconductor materials and consumables,,AMAT; AMKR; ANET; ASML; AVGO; DELL; ENTG; INTC; LRCX; MRVL; NVDA; Q; TSM,,68,78,2026-10-08T16:25:41.936136+00:00
7c58833e6a68d7d7,2026-10-08,news,Google News: US domestic semiconductor supply chain advanced packaging materials equipment,https://news.google.com/rss/articles/CBMimAFBVV95cUxPOEI0WE93M3FQZmszaFpaaTZXTTI3eFFaa2xHSldTVU5qdVBVOVNSRm92bXpjSEgxVlg3ZEwzVTktYmt4X3Q5T085Wl9UenJrMHRlYkhnVzJMSmVmRlVlMFVuV2lSdGZ4dndMTEpiaDhzN01nYkNWaUZfX25iUFl6UmNrWmxCX2ppRkNMX090cVV2R19XamozQw?oc=5,The US-China Contest for Semiconductor Power - Vivekananda International Foundation (VIF),The US-China Contest for Semiconductor Power Vivekananda International Foundation (VIF),HBM memory and context storage; Semiconductor materials and consumables,,AMAT; AMD; ENTG; INTC; LRCX; MU; NTAP; NVDA; PSTG; Q; SNDK; STX; TSM; WDC,,68,78,2026-10-08T16:25:41.936136+00:00
c7d1971be181940a,2026-10-08,news,Google News: AI data center liquid cooling power,https://news.google.com/rss/articles/CBMihgJBVV95cUxQQ3UyTk9iNk1fRVVMZFE4QlVkSVZrTVRybEE3N0dlMlZpZ09ZeUl6Y2RqMjZvZGxwSjNfSlczME11aTZvaGg2NDlKeS1rNkE5MEoyS2JoNkJJS0Q3bURWTUtpcGo2ejAxQU8tbnJpaVRuRm1VeWJtUHhDdF9TV29qRmpHMlNMbVpldUhHS1JkWVAwcmZQRTAyMTRHVmVYOTVUTDg3UGlkWDZXbHFQVjU1X1VEU0xINjJVbDVQVXdWazlYQVVHbm50QmhSNW1OaDJhNlV4WVQxd2R5LTNldzkzMmYxeXp5YTdPSXhFUVlXa0gwbDRWM0ZTUXRVZVlaNTNaUmo2N1JR?oc=5,Delta to Showcase Energy-Saving Grid-to-Chip Infrastructure Solutions for Sustainable AI at OCP Global Summit 2026 - Morningstar,Delta to Showcase Energy-Saving Grid-to-Chip Infrastructure Solutions for Sustainable AI at OCP Global Summit 2026 Morningstar,AI data center power and cooling,,BE; CAT; CEG; CVX; ETN; FLNC; GEV; LNG; NEE; OKLO; SMR; VRT,,64,70,2026-10-08T16:25:41.936136+00:00
9f31c53aaefc4044,2026-10-08,news,Google News: co-packaged optics AI data center CPO,https://news.google.com/rss/articles/CBMi2wFBVV95cUxNSVYyRnZTcFRrMzByalVJWXpSZUs4OGpORnZSVThnTDRqZ0lkZVZIeTNRWlBNTTRnQUY3dWhPSE9zOXdnQXdKdFRTWXRxMWZSUXV0VzI0cDhaNWNKQkxvc19aVzZCU0NQQThWU09fODkxZU5SYWNfN056dGhPUGhXM2F1NUUxLUFrVWVJdU5aMGUtSnVoSXpiSW5QaVowYmtjSU9MMWFVNGRRU2t4NFFkVWRSNXc2cDViaURHYmowTzRneEYwYTMxUElCMEtaUGY3bWZaR0NOYWVxanM?oc=5,Optical illusion: Is co-packaged optics the savior the data center industry has been waiting for? - Data Center Dynamics,Optical illusion: Is co-packaged optics the savior the data center industry has been waiting for? Data Center Dynamics,CPO and optical interconnect,,ANET; CIEN; COHR; CRDO; FN; GLW; LITE; MRVL; NVDA,,64,70,2026-10-08T16:25:41.936136+00:00
d4c42338e61ad793,2026-10-08,news,Google News: co-packaged optics AI data center CPO,https://news.google.com/rss/articles/CBMiekFVX3lxTE0wOFNEOThWWm9lc21UamcwODkwWk9DU01TZklkckVLR0lsYnB4M3Rmalc4UGxRSXR6RmIyM1FPTEp2RkwyRU1uWDExNEFhcFV0MXY0Mlh3dEhzNzRKTkRyQjRfOTl1UXF5Wk1sRjlqYmtMNGdIUjNsT0hn?oc=5,CPO Testing Faces A Moving Target Problem - Semiconductor Engineering,CPO Testing Faces A Moving Target Problem Semiconductor Engineering,CPO and optical interconnect,,ANET; CIEN; COHR; CRDO; FN; GLW; LITE; MRVL; NVDA,,64,70,2026-10-08T16:25:41.936136+00:00
3ea94a2f99ae26ab,2026-10-08,news,Google News: co-packaged optics AI data center CPO,https://news.google.com/rss/articles/CBMidkFVX3lxTE9CN3Y3d3lqTVVrSzZ2ZlNlLU00Rm5VUEhNY3MzMlliTHV3TzJuUTBCTHpiZ3FZT2h5aXV5bVlYc05YdmliTzhYdndTZWlkM3dOV3c0RWRsS3F3b2VqSnlZT2lYU194NnBkdDU1N3JGU2tJa2U0bXc?oc=5,Six Major Players Bet on VCSEL NPO for AI Optical Interconnect Opportunities; Demand Projected to Reach 650 Million Units by 2031 - BigGo Finance,Six Major Players Bet on VCSEL NPO for AI Optical Interconnect Opportunities; Demand Projected to Reach 650 Million Units by 2031 BigGo Finance,CPO and optical interconnect,,ANET; CIEN; COHR; CRDO; FN; GLW; LITE; MRVL; NVDA,,64,70,2026-10-08T16:25:41.936136+00:00
9ea957d3d9dfef7e,2026-10-08,news,Google News: long context inference serving KV cache AI,https://news.google.com/rss/articles/CBMi3wFBVV95cUxQV1c2NE8zNjBPbmdpTXdOS0EyZmpreFZlUVdERUp1TVlWNWo2SFVEckpPRW5uSzdQckRiN0pDb015TzNuMnJxYnBoUUdRNXNOeWxoU2RtaXBkVGFGckJHb05sQjl4WUs5OHdab0ZzNmZFa0JYS25LNHRVa3dhcXR3YnFvZVlqZ2tLSVNDbEt0RW1Jd2ctREJFMWI2MjUwaDd1ZG9peTRhaldwNXNGeDNjRGN0S09UOUJDWFJIcDVrRm5hNFNCU3BkRWZzOTZfV0pLVlk2cEJqT0NaS2VIV25z0gHkAUFVX3lxTE9hay1ycjlQZ3NtcDYyaFVFcFlNbmU0aFJ1aW45amhiaW10V2FLTTRCSTBhTzhoSko0cFA5bTZiOGtkc3JUdml3TUVTLTJTX24xbHc1cDd5cjVZVDFzR3FYbjJhalVXRU1CN0hvcWl2VWdoLX…,Scality launches AI Inference Factory to bring enterprise AI on-premises - The Manila Times,Scality launches AI Inference Factory to bring enterprise AI on-premises The Manila Times,AI inference serving and networking,,AMD; AMZN; ANET; AVGO; CRDO; CRWV; GOOG; MRVL; MSFT; NBIS; NVDA; ORCL,,64,70,2026-10-08T16:25:41.936136+00:00
78d7d5b924c24d14,2026-10-08,news,Google News: long context inference serving KV cache AI,https://news.google.com/rss/articles/CBMirwFBVV95cUxNamV3bFZveXhGajVNbnBmLTR2RHFJeTRYWVpUNk51Nl9wLVUtakZtYjZCeDdqbmxYU2VSNmpNaWZyWHNMTk5BV09OX0RsUjBaUXgxcm9sMGRnVlF5elFPNlZWWF84Z1pMdDZiTDNpMzZRV0g1bjJCQ0FRZXJub3JxQ1FiM3dYTVN2ek5Nd3EtbVd6blFuaW9GdVJLV0JPVzVkbXZEdUdUVTh0NWpnOEs4?oc=5,Scality Targets On-Premises Enterprise AI With New Open-Code Inference Software Stack - SMBtech,Scality Targets On-Premises Enterprise AI With New Open-Code Inference Software Stack SMBtech,AI inference serving and networking,,AMD; AMZN; ANET; AVGO; CRDO; CRWV; GOOG; MRVL; MSFT; NBIS; NVDA; ORCL,,64,70,2026-10-08T16:25:41.936136+00:00
5a3c0dd18438003c,2026-10-08,news,Google News: HBM AI server storage memory bandwidth,https://news.google.com/rss/articles/CBMitwFBVV95cUxQRl9fZkRHMzE2WXBwVld6WGhsOTJwZk5STmFkSEF5QnV3dWF1SFp2QXlRZmRqYVV4NHV4SEVnOENUWmlGTzZwdk5mSmVUaWNNaGVPQnozS3RwZTg4WklWY1Q0Wjdzekd4eGU4NS1KX0dUOWsxQ2tfdEthOEZERTNDTi1oQ3E4YnZqd08xTXU5WmRYMEcwaVR2QlB3SEJaOGQ5YnNSUENmSDdlLVVxS3pYdXBmb0RUc28?oc=5,"Memory Is The Lynchpin Of The IT Industry, And Doubly So For AI - The Next Platform","Memory Is The Lynchpin Of The IT Industry, And Doubly So For AI The Next Platform",HBM memory and context storage,,AMD; MU; NTAP; NVDA; PSTG; SNDK; STX; WDC,,64,70,2026-10-08T16:25:41.936136+00:00
1e9377d16fcc9bbe,2026-10-08,news,Google News: HBM AI server storage memory bandwidth,https://news.google.com/rss/articles/CBMi8AFBVV95cUxNcGtLOFI5X21iRWRSYVZqSnRTalZwMzNXQ1ZZUHVCak05dmJTRERjQUNlWXU3cTI1VU5xZWkwNWFWV3JKM0R4TjNJRHhmUkk3UEloY1JxZFI2UmlUaU9wV2Z6TVVDUUhtZlYxYWVtMi1LTTU0eVRTc0daU284elE3T1RVaDRXWlFnOW1OWi1oR29BU2czQWJZdlMzTVhBLUJRbG94QkJ0T0dVTVd3YXBwU3NUd3hrMkcwNDdWZ2VpYm1tSUxwX0IwX1RJbWF2M3RBTERzMlpJTXg0V21vN09TRjcyRHQ5Y1JRTk4zcFg1cy0?oc=5,Robert Kovacs (NorthernIndex.com) | Why Memory and Storage Companies Could Be the Next Big AI Winners - FinancialContent,Robert Kovacs (NorthernIndex.com) | Why Memory and Storage Companies Could Be the Next Big AI Winners FinancialContent,HBM memory and context storage,BE,AMD; BE; MU; NTAP; NVDA; PSTG; SNDK; STX; WDC,,64,70,2026-10-08T16:25:41.936136+00:00
f2d7564ecdb59724,2026-10-08,news,Google News: HBM AI server storage memory bandwidth,https://news.google.com/rss/articles/CBMidkFVX3lxTE50eDEwdHR2ZUdRd2pWTEtGb2Z5Tl8tVXhZRDQzeWpfVUkzdnZyWVhsZUduS1lTNy13ak5nb3Z5cHNzb3hYbHNuUTVkcnVyTFdfdmhjUm5RclozSURlYzFCN2g1QUY0ZENQOHFQTFo1MnloT24wOHc?oc=5,U.S. DRAM Market Trends in AI and HPC Growth - Kings Research,U.S. DRAM Market Trends in AI and HPC Growth Kings Research,HBM memory and context storage,,AMD; MU; NTAP; NVDA; PSTG; SNDK; STX; WDC,,64,70,2026-10-08T16:25:41.936136+00:00
92801781ee5786ac,2026-10-08,news,Google News: HBM AI server storage memory bandwidth,https://news.google.com/rss/articles/CBMisgFBVV95cUxNUlA0VWplanZfaF9oazVsbTQybFBMVFdDeHQ4aGMtVkVpTlhxb2lkb2ZfV2N2c3N1dEdHWWlTNllRVkM0MFYwV0dhdWRnRUJIOERGMGdjcm9iblRnR0FGQW10eklTOFVPWUpuZUY2QWFLb3BkUW1XWER3Qk11WVotRFF6bTJBSHc4VWVTbnhWOHI3QUNBWXhnZzJqTGt3VWl1Z2JyX2RrQ2dfOHhoNThtUWdn?oc=5,Micron's DRAM Sales Reach $40B: Can AI Demand Drive Growth? - TradingView,Micron's DRAM Sales Reach $40B: Can AI Demand Drive Growth? TradingView,HBM memory and context storage,,AMD; MU; NTAP; NVDA; PSTG; SNDK; STX; WDC,,64,70,2026-10-08T16:25:41.936136+00:00
7619fed6372229e5,2026-10-08,news,Google News: physical AI robotics world model,https://news.google.com/rss/articles/CBMikwFBVV95cUxPV09ac2QtTXFvV2dpMHNFZGJOM2xNd2RQUEVtZDYzX0dsM25GRG40V1U3TmFNR0ExUTlHaERpMlBtb1JaREtKYlZBVEcyMkNKX2FxNmdRcVEzTVZFNUpBSm9oNlVCelpGVDNmb080WDNVZkNqVDA2YzJCTF9kNWtPWGUycEE1QWxYNlJmLVpwNEtaSFU?oc=5,How AWS is helping companies build physical AI machines that think - About Amazon,How AWS is helping companies build physical AI machines that think About Amazon,Physical AI and robotics,AMZN,AMZN; ISRG; NVDA; ROK; TER; TSLA,,62,70,2026-10-08T16:25:41.936136+00:00
9d10136eeb95761f,2026-10-08,news,Google News: physical AI robotics world model,https://news.google.com/rss/articles/CBMi_AFBVV95cUxPRHJVaWRGU21zTHRsYWd4dFdXOGdHcnZ5QkdxUGRfWkpwSERnWG1QbTdUeHVSVGIyamw2MnpDT095LUpyTzlSRDVubmxBaUFUQk5OdE9KUFVlbGZRa1ZyTHRBZkRxampYZVpoaGpJZ0NWVXB3V2JfX3pUWURVZF9VNXljNndBZTRuWmVLSHl0bkZhVzF3cnhfRlBsU24yQ2k3VGNWdF80M0lmdzNVVWx2ZHE2ell2d0U0Z0tMZGVSSERvQ2FPRms0a3JCZDFZUXg3Mm5DVFpYSVd3T2dsQW9MQ1VsNGpGLVJwbFlmSm42MDIzdENJQ1A1NWVDOGQ?oc=5,"Odyssey Launches Odyssey-3, Its Most Powerful Foundation World Model Built to Power AI Across the Physical World - Business Wire","Odyssey Launches Odyssey-3, Its Most Powerful Foundation World Model Built to Power AI Across the Physical World Business Wire",Physical AI and robotics,,ISRG; NVDA; ROK; TER; TSLA,,61,67,2026-10-08T16:25:41.936136+00:00
b1bed760b5060790,2026-10-08,news,Google News: physical AI robotics world model,https://news.google.com/rss/articles/CBMimgFBVV95cUxQTGVMdFhTdU1veTdWV2p1clN2MWVzeS0zeHdfVVkyd1ZtNHFUOXczSlMwUzFIR25iOWZEUHlLSlZqaFJMOHJNQnozVXp3aUxjNm9PWExtMl9BZE0zVmtCVEw4a3hrY3owMXR1RExCRW5RR1hkX3FXaG9IbnpjLWlEQTBXZ3pQYUpnR3dBcXA1MmgxLWZRS1RFbER3?oc=5,Physical AI Can Act. It Still Can’t Check Its Own Work. - Quality Magazine,Physical AI Can Act. It Still Can’t Check Its Own Work. Quality Magazine,Physical AI and robotics,,ISRG; NVDA; ROK; TER; TSLA,,61,67,2026-10-08T16:25:41.936136+00:00
44ba53d40962385d,2026-10-08,news,Google News: physical AI robotics world model,https://news.google.com/rss/articles/CBMihgJBVV95cUxPVW5aSThLSDFNVGNnN2EwUlNmcmo4VWh4cFRlVm81cTJFSGxnZDBtdUozVFREX2d5N2k3OG5rYTlDc295NnVkUlJXY3VFTVZtNS1Oa2tGc0doVTZvUDQwMVhSWUJ2WEdRVzlwTlRGYUNkdkRaT1l3VTJkYV9sMHN6RWdfemp1UHZYS3JGSDRITEs5dTB0SkhweXZaeGhReGFXUWczb01NOW5pMEtZWVI4NlFNT1ZXY0txZ1B3WlNwN1VSclZSM2ZPRExtMkRCZ3E2RDR2OTR6QjhNUTNzeGdQVkpnZW9TUXczN19Oc2FyU195b09lU1FJVm9lcU44Y1NLVFpQX0NR?oc=5,Physical AI in the industrial metaverse: From connected digital twins to real-world validation - Smart Industry,Physical AI in the industrial metaverse: From connected digital twins to real-world validation Smart Industry,Physical AI and robotics,,ISRG; NVDA; ROK; TER; TSLA,,61,67,2026-10-08T16:25:41.936136+00:00
e61aeedde3441bf0,2026-10-07,news,Google News: long context inference serving KV cache AI,https://news.google.com/rss/articles/CBMiX0FVX3lxTFA2NEVSRk05NzRhdEdTd1ltOFVGWlBRdnI2MWQ4ZnFtcVd6RElOdXNYb2JUa2c0R3JtTjhYSTVyX3ZaMERMTC02R3l0enh5MWFCT2NDcktIYWlXbzhlRndB?oc=5,Is Speculative Decoding Worth It? Profiling vLLM on NVIDIA Blackwell — Akamai｜AI Engineer - finance.biggo.com,Is Speculative Decoding Worth It? Profiling vLLM on NVIDIA Blackwell — Akamai｜AI Engineer finance.biggo.com,AI inference serving and networking; Rack-scale AI factory,NVDA,AMD; AMZN; ANET; AVGO; CRDO; CRWV; DELL; ETN; GOOG; HPE; MRVL; MSFT; NBIS; NVDA; ORCL; SMCI; VRT,,68,78,2026-10-08T16:25:41.936136+00:00
67f512a448777a02,2026-10-07,news,Google News: US domestic semiconductor supply chain advanced packaging materials equipment,https://news.google.com/rss/articles/CBMiYkFVX3lxTE9TZ2pQSkUwbF8xemFCY091UDBUTzRnQTJzbXdwWGNab3lfTXloMHlDRjR1dWJZSTJZTmc1ckpMaF8tLWctMzZVcTRMNFBmcU9ZRlFRdFByRklGcWgtNGpselBn?oc=5,"US Advanced Semiconductor Packaging Market - Size, Strategic Insights, and Forecasts, 2026-2031 | AI, 5G, CHIPS Act, and Reshoring Drive Growth to USD 11.7 Billion - Supply Chain Digital","US Advanced Semiconductor Packaging Market - Size, Strategic Insights, and Forecasts, 2026-2031 | AI, 5G, CHIPS Act, and Reshoring Drive Growth to USD 11.7 Billion Supply Chain Digital",AI PCB and advanced packaging; Semiconductor materials and consumables,,AMAT; AMKR; ANET; ASML; AVGO; DELL; ENTG; INTC; LRCX; MRVL; NVDA; Q; TSM,,68,78,2026-10-08T16:25:41.936136+00:00
8fbe99a8c3cc5bbd,2026-10-07,news,Google News: US domestic semiconductor supply chain advanced packaging materials equipment,https://news.google.com/rss/articles/CBMiYkFVX3lxTFBmRlZQejFSRlRqWGtiSHF1UUFvN185UWR1cGFGS2pMVURhRmZwcTljbHJCMHZNY2NYY1NpdTdoaC1Hc3YyTjY0bEtEZC15M200cEFmX3N5eEVUcktFUVpONmV3?oc=5,"USA Semiconductor Foundry Market - Strategic Insights and Forecasts, 2026-2031 | AI, Automotive, and Domestic Fab Investments Drive Growth to $23.9 Billion at a 7.8% CAGR - Supply Chain Digital","USA Semiconductor Foundry Market - Strategic Insights and Forecasts, 2026-2031 | AI, Automotive, and Domestic Fab Investments Drive Growth to $23.9 Billion at a 7.8% CAGR Supply Chain Digital",Semiconductor equipment and manufacturing; Semiconductor materials and consumables,,AMAT; AMKR; ASML; ENTG; INTC; KLAC; LRCX; Q; TSM; VECO,,68,78,2026-10-08T16:25:41.936136+00:00
3414eb1db19fccd4,2026-10-07,news,Google News: Vera Rubin AI factory NVIDIA,https://news.google.com/rss/articles/CBMiswFBVV95cUxQU0lDVWo1ZWdjZ1JST3d3dTlERmpVR3ZkRWRzNGFJMVZWM3BHRHBhZkNnZE5vd0VxZDJCa2tPYUFPcjVIRTVtTmMtcXF4SUxMc0NMZk9QS2tvcWpQV3h5Uy1lYmJuV3FSQTJPTFY4ZWVjMkwtcHZKNG5icVRxWlFuLUFrY3FaZzRQMlQ5M1ZNNnJ0N2xyMUJVa1dMYzRjMUhFRTJWRmFVN0pDaGpqOGZicU9tbw?oc=5,"AM Intelligence Orders 20,000 NVIDIA Rubin GPUs for India AI Factory Expansion - Konsulteer","AM Intelligence Orders 20,000 NVIDIA Rubin GPUs for India AI Factory Expansion Konsulteer",Rack-scale AI factory,INTC; NVDA,ANET; CRDO; DELL; ETN; HPE; INTC; MRVL; NVDA; SMCI; VRT,,64,70,2026-10-08T16:25:41.936136+00:00
516eeaac7b508ca0,2026-10-07,news,Google News: Vera Rubin AI factory NVIDIA,https://news.google.com/rss/articles/CBMif0FVX3lxTE1uWGdPUFN3eUhrTXFYNUpxWV92Z3RPNlFoLXpESDUxU3BNWHpEN2wxQ2pjS3d3OVFKa2plSVg2OEhYZGZfakNTeUk0OFZDcFpYTEhhV045SzdjVzVGcWNnM0xWbmY4RVg0X3dhZkRlUmhOWUJmbTQzRGlXMXJXV2M?oc=5,NTT DATA Opens AI Factory Munich Where Clients Can Validate their AI in a Live Environment - Yahoo! Finance Canada,NTT DATA Opens AI Factory Munich Where Clients Can Validate their AI in a Live Environment Yahoo! Finance Canada,Rack-scale AI factory,,ANET; CRDO; DELL; ETN; HPE; MRVL; NVDA; SMCI; VRT,,64,70,2026-10-08T16:25:41.936136+00:00
8c666806e1614115,2026-10-07,news,Google News: Vera Rubin AI factory NVIDIA,https://news.google.com/rss/articles/CBMikgFBVV95cUxQb002el9MUjhRS1ZhdDBhQnlDcG9idjRYODFoeWVIMFJQNkNaOWRuVi1uRmZqYlh5Sk1yZDBkeERSclpGRGhWTHZjM2s5eWtHZUVHNVpZWVR3RFFwWEdQUEpiR00tUW9VemlfZGc0aXpHTkpJTlVTQUhyVmlTNjdkS2EtWENCUEZDT3RxSVlyTDZ6UQ?oc=5,Faster Scientific Image Analysis with NVIDIA cuPhoton | NVIDIA Technical Blog - NVIDIA Developer,Faster Scientific Image Analysis with NVIDIA cuPhoton | NVIDIA Technical Blog NVIDIA Developer,Rack-scale AI factory,NVDA,ANET; CRDO; DELL; ETN; HPE; MRVL; NVDA; SMCI; VRT,,64,70,2026-10-08T16:25:41.936136+00:00
1081e75ca6465f35,2026-10-07,news,Google News: Vera Rubin AI factory NVIDIA,https://news.google.com/rss/articles/CBMixgFBVV95cUxQbzRqaFRxbGRfU3lXS2oyR29IVnRwRWFpTVRSTFF1bnhrLTliVTBkODFYYndOLTZILTJORmJnWWV0N0hlSVZSYVFSMkRoczVlMkpKYm4zYmQ3SXZjVGZCanVsR1VQRGxhWXZkZFhtWlA0OFhWc2xBN0hva1JCOTFzSGRqNEtKZExqcVk2WW85cG4tam1zYjNqYU1iVXJhR2ExdEJlZ21HdkdGdktxdFphZndhX1lBaDh3c1dGTmh3ZTFvcmE4THc?oc=5,AM Intelligence Expands NVIDIA Vera Rubin AI Factory Buildout in India and Malaysia - Express Computer,AM Intelligence Expands NVIDIA Vera Rubin AI Factory Buildout in India and Malaysia Express Computer,Rack-scale AI factory,INTC; NVDA,ANET; CRDO; DELL; ETN; HPE; INTC; MRVL; NVDA; SMCI; VRT,,64,70,2026-10-08T16:25:41.936136+00:00
104ec87387923619,2026-10-07,news,Google News: AI data center liquid cooling power,https://news.google.com/rss/articles/CBMiYkFVX3lxTE5HVkVRM3RjS0pmaEFBa05seEhTUXpEWkF1bGY5cGFYbDBrX0laNzRGYkQ2RHlNemlGd1FYbHJVOVhOSjlBczNGUGNydm50Wms3bWlaX1NicU9XTEVlNDBTRUJB?oc=5,"Global Data Center Cooling Market Analysis and Forecast, 2026-2036 | AI and High-Density Computing Propel Liquid Cooling Market to $141.19 Billion by 2036 - Supply Chain Digital","Global Data Center Cooling Market Analysis and Forecast, 2026-2036 | AI and High-Density Computing Propel Liquid Cooling Market to $141.19 Billion by 2036 Supply Chain Digital",AI data center power and cooling,,BE; CAT; CEG; CVX; DELL; ETN; FLNC; GEV; LNG; NEE; OKLO; SMCI; SMR; VRT,,64,70,2026-10-08T16:25:41.936136+00:00
546392914a79fdec,2026-10-07,news,Google News: AI data center liquid cooling power,https://news.google.com/rss/articles/CBMijwFBVV95cUxNUG5IY0poM1VqVGN0VmxaS2I0ZVRWRUxNRW5GY21KXy1ybVI1OUtvSmdCbjRaUlFndVc1Rlk1bjA2UFdJQ3NTR2tPeGpDNElwU3ZreVRFSDhnOTVBOF85UDI0TmZNdFRUTTVuZE9GdDZiV2VtMWRpYVVMc3NLYXFCRzY5WlFsX0prc2hWOEFIaw?oc=5,Why Is Shell (LSE:SHEL) Showcasing Liquid Cooling For AI Data Centers? - Yahoo Finance,Why Is Shell (LSE:SHEL) Showcasing Liquid Cooling For AI Data Centers? Yahoo Finance,AI data center power and cooling,,BE; CAT; CEG; CVX; DELL; ETN; FLNC; GEV; LNG; NEE; OKLO; SMCI; SMR; VRT,,64,70,2026-10-08T16:25:41.936136+00:00
3487f0926c10f5e3,2026-10-07,news,Google News: AI data center liquid cooling power,https://news.google.com/rss/articles/CBMi9gFBVV95cUxOeXo0LU1LLTRlTUVHUURVa0ItM1FkdFVVM2FTTm5XOHF6cEpURHQ3QldvYlYyal8wVGptaTN6ZE1pTWhJSXNfNU1BQjFqblYwZmZqYXYwRzhCT3JXSUFCZ0hIaFJCR2RqY0RIYWlOeFNCTDQ2QU1vcnhaczVaNHVUQjJsUW0zcVFDOFRJVGFHLWoyNk0zcUJ1eE14bm9JbTVhU19tYVk3dkU0WGM4SWZKOWxTVVNpZFc2MlhrRUFEN3Y4SEF1VFdyLXljeHQ0SlNzWGxKWWp3dDI1X01HWUg2TmprcHF4SkdPSjN4aGU2ZU1rd0Q2Zmc?oc=5,Shumate Engineering secures critical functionality patent for game-changing HD/AC data center cooling technology - Data Center Dynamics,Shumate Engineering secures critical functionality patent for game-changing HD/AC data center cooling technology Data Center Dynamics,AI data center power and cooling,,BE; CAT; CEG; CVX; ETN; FLNC; GEV; LNG; NEE; OKLO; SMR; VRT,,64,70,2026-10-08T16:25:41.936136+00:00
e832c8790270eff6,2026-10-07,news,Google News: AI data center liquid cooling power,https://news.google.com/rss/articles/CBMiowFBVV95cUxOeHB0MEd6WVVUU092YTJiWmoxaWhzMWdTSzBhdHNRaFJ0cHRINWpicmI4eXh1MDVzVFQtMEppT1hLSXpUc01rTmd5dmNRMEdHdXAtTHd3c1hMRDAwRjhJZXpyZEo0Z1NQSm5JeEtLcHJTOW1RY01UTWRlZ3N0Yk9vNUc2TmpwMFpOdThacXcwOWxxeHUzcjhhV3A4cE9aVEdXZUlJ?oc=5,LG to Build its First U.S. Factory for AI Data Center Chillers - Supply House Times,LG to Build its First U.S. Factory for AI Data Center Chillers Supply House Times,AI data center power and cooling,,BE; CAT; CEG; CVX; ETN; FLNC; GEV; LNG; NEE; OKLO; SMR; VRT,,64,70,2026-10-08T16:25:41.936136+00:00
f3c4ba265043ae66,2026-10-07,news,Google News: AI data center liquid cooling power,https://news.google.com/rss/articles/CBMilwFBVV95cUxPU2p6eFA4bE1nV2ZoSlRwRzNCVjNNRTZIRmRUY1BSZjhBSFFTTFkwLXNRc29HX2ozV0MzYTN3MkxFeERWY3A3cFhMZkdjVjBFY3RoWnZGTnoxeTREd1FPX1lfX3FtN2p6UE5BX3JYM2pxaUFXdzR4N09DOENuY29zLWtrOU1uQmIxM1NLejgxdm5wMElRd3JZ?oc=5,Making every drop count in efficient liquid cooling systems - Capacity Media,Making every drop count in efficient liquid cooling systems Capacity Media,AI data center power and cooling,,BE; CAT; CEG; CVX; DELL; ETN; FLNC; GEV; LNG; NEE; OKLO; SMCI; SMR; VRT,,64,70,2026-10-08T16:25:41.936136+00:00
43ebb625d76417df,2026-10-07,news,Google News: AI data center liquid cooling power,https://news.google.com/rss/articles/CBMi6AFBVV95cUxNdHhidEhJX2ctUVF1am9mWlpfTmJaaS11elFsbUFKb05OSkE0SWJoY3dkbnJDXzY0akNLRXJ2ZkpZMjNsYzNoRVg1eUg2MUN5b181YWZGRUppbzZOeTVaZ251X25maDN2SUJFWklQLUs0cXVQbGxJQXB6UmZGOUlBLWk3RnFmRXJmeFpiT05VbUNPUWw4WjdDTFdPRVpVLUlySkRVck5Vb0hjNUhUZ2htZWdtTDhpSHJzM2NfcGRpa0FodGtHTFgxOTVGLTJsTm1sRnVja0F3ZF94aXlHLUYxenFhSXFvUkd10gHsAUFVX3lxTE5PVGxaeEt4TlRTN1RocnlXYjNqSThOLVFhV1VVTDcwYV9XVUJpLWRnTjcyZGdCNkpGcHkxN0RGN2NCOHhfV2h4bHJDVkUxN2kyUnpuTDRFM3ZaRlJyanc2RU5VUzA0ckpNbk…,Ecolab details water and liquid cooling for AI data centers - ET Datacenters,Ecolab details water and liquid cooling for AI data centers ET Datacenters,AI data center power and cooling,,BE; CAT; CEG; CVX; DELL; ETN; FLNC; GEV; LNG; NEE; OKLO; SMCI; SMR; VRT,,64,70,2026-10-08T16:25:41.936136+00:00
5074c01ad0e7a7b3,2026-10-07,news,Google News: co-packaged optics AI data center CPO,https://news.google.com/rss/articles/CBMiswFBVV95cUxOR1dvcEl0d19tLWxJbUk2dXJ5RVk1N20xNVN6dTN6bklHS2RWdXZYcEt1LXRDLWh5YktMMFBId3c2RWlRTlRtQW5uVVZ5Unl2eVZWY0hCazNOamRxaGdPMnVOZ0Z1R282MENRVmNqWDlaejgxZ0l0dU9nZGNsaTRKb2FJamNmOGlFOHc2NHRZOElJNE9xbWtld29kUm1SRHBuR091QlY2ZFRLMTFWVWprMnRETQ?oc=5,Marvell Investor Day: Connectivity Lifts Outlook to $20 Billion - ETF Database,Marvell Investor Day: Connectivity Lifts Outlook to $20 Billion ETF Database,CPO and optical interconnect,,ANET; CIEN; COHR; CRDO; FN; GLW; LITE; MRVL; NVDA,,64,70,2026-10-08T16:25:41.936136+00:00
968c985a40984f45,2026-10-07,news,Google News: co-packaged optics AI data center CPO,https://news.google.com/rss/articles/CBMi3AFBVV95cUxOZ3d3NlhFOW1qSlJpdVk3LThHTS1rS3FpLXNkRF9Ebk56Vm5xX09MZmk3NURiRkRHSDc5cmk3djl0MlMwbEU0Q1VxM1o2UllHT0NjUlpZNk5UNFRuMXJKUEhZOUdVT2JtYXhtMW9xM0cxa0ZGSGhXSGM5VFBBREpxa1Z4V09hbW1WLUhBcWN5OWpfWEZvTk54UkUtcDFrN2w4V1U1TkFoZHotYl9ocDl3bmttaGtLb3ZGUEF5cEhTZ1pvZVd1OGNkUWp1RVl2b0ExUlBBWXFpRVZXR1lw?oc=5,izmo Microsystems and IIT Madras Enter Phase II of 99.94 Crore MeitY-Sanctioned Silicon Photonics Program - https://www.irishsun.com/,izmo Microsystems and IIT Madras Enter Phase II of 99.94 Crore MeitY-Sanctioned Silicon Photonics Program https://www.irishsun.com/,CPO and optical interconnect,,ANET; CIEN; COHR; CRDO; FN; GLW; LITE; MRVL; NVDA,,64,70,2026-10-08T16:25:41.936136+00:00
eaa286c5b4705179,2026-10-07,news,Google News: long context inference serving KV cache AI,https://news.google.com/rss/articles/CBMidkFVX3lxTE9jM3p0OTlyUUxKYkl0QjRRbmZaOGg5SGVLU2pDYldJSkJ5SEhtb0oyS0p1ZWQ5UDh4ZlFfQjRabmZLczRCelV2VmQxZ1lIUW9BSHg3Q3R1aEVQdS16d0JyeUxURGQ2Z05fZWU3cnJkVkNOX0hKNWc?oc=5,Training and inference: Two faces of AI compute - EDN - Voice of the Engineer,Training and inference: Two faces of AI compute EDN - Voice of the Engineer,AI inference serving and networking,,AMD; AMZN; ANET; AVGO; CRDO; CRWV; GOOG; MRVL; MSFT; NBIS; NVDA; ORCL,,64,70,2026-10-08T16:25:41.936136+00:00
edd7f336fec032ae,2026-10-07,news,Google News: HBM AI server storage memory bandwidth,https://news.google.com/rss/articles/CBMimgFBVV95cUxPLWQ3dXJUemZkbXgtbUhrR2NaZ2FOUXdCc2VuU0ttM0JJV1ZFQVFWRXZOUG5mdWhpbkM3RTNQMndTWmt6SWJ4QlFjVks2dDdLMUlRZVB2TlBwOU9ZUU9pQngtMFhlWGFJc0tMTmJhMkdxeHRSV0hQVURVYlg1S1ZybDZUd3ZHVzJ4enVDUVVGTWJiX09IRmF5ZV9B?oc=5,Samsung Says the AI Memory Chip Shortage Will Not Ease Before 2028 - Startup Fortune,Samsung Says the AI Memory Chip Shortage Will Not Ease Before 2028 Startup Fortune,HBM memory and context storage,,AMD; MU; NTAP; NVDA; PSTG; SNDK; STX; WDC,,64,70,2026-10-08T16:25:41.936136+00:00
ed4c1860373b8ce2,2026-10-07,news,Google News: HBM AI server storage memory bandwidth,https://news.google.com/rss/articles/CBMijgFBVV95cUxPVkNCTjBLVEdtNFAzQXA3d1VUTXNQVGRqOG8waDlkM1Jhd0dmcnRFNEpwYkQtZFVmOVNvb0NuZWUzdkEzZjc0OFEtcnYzNjBpVFRFbTlVM19iZHZVVjBWMjkwc3VOQWUwa0tVQlhreHhKV2FGR2UwMGJjVmN0SU9GNHRKSDR6R1d4YnlJV25R?oc=5,AI Semiconductor Shift From GPUs to DRAM Amid Bottlenecks - 조선일보,AI Semiconductor Shift From GPUs to DRAM Amid Bottlenecks 조선일보,HBM memory and context storage,,AMD; MU; NTAP; NVDA; PSTG; SNDK; STX; WDC,,64,70,2026-10-08T16:25:41.936136+00:00
2db6f11782cc6bb5,2026-10-07,news,Google News: US domestic semiconductor supply chain advanced packaging materials equipment,https://news.google.com/rss/articles/CBMigwFBVV95cUxOY0hBbHV1aVI3VDd0YTlXT0kwUTh0WnZ3SjhwQ1l3NGJCeUx4OHhWZHY1ZFZZaC1Ud1BaOTVvbTNiNGVhZFRjNWpKbG9ORjh4ZTNrQ2lyNnNsanc2cndhaEY5LXI2R2ZlYW1Wc2xIcXA5YTJyNU5NSlpjc1hDQV9TX1VURQ?oc=5,Moving the Texas Semiconductor Ecosystem to the Next Level - CSIS | Center for Strategic and International Studies,Moving the Texas Semiconductor Ecosystem to the Next Level CSIS | Center for Strategic and International Studies,Semiconductor materials and consumables,,AMAT; ENTG; INTC; LRCX; Q; TSM,,62,70,2026-10-08T16:25:41.936136+00:00
2225db6f181e5f99,2026-10-07,news,Google News: physical AI robotics world model,https://news.google.com/rss/articles/CBMihgFBVV95cUxQZXZTTkd6aER0QnVIQVFQVkpPbWxDV0t5eTcyRUgyTWR0cG91MXRlTVFqYXBRYjFCMjNZNGtvYjBUN29leDZCY3dmMjRUM1M4YmxQTkVrSkV1Z3YycUlpZXpkdk16R3Z3ekxiaFNlWXpGLXo4ZlBiQ2V5N2dRbmFVSU4xUGh3Zw?oc=5,Introducing AWS Physical AI Toolchain - Amazon Web Services (AWS),Introducing AWS Physical AI Toolchain Amazon Web Services (AWS),Physical AI and robotics,AMZN,AMZN; ISRG; NVDA; ROK; TER; TSLA,,62,70,2026-10-08T16:25:41.936136+00:00
44878e61e3f73740,2026-10-07,arxiv,arXiv: Mixture of experts,https://arxiv.org/abs/2610.09342v1,Shared Low-rank Basis Factorization for Data-free Mixture-of-Experts Compression,"Mixture-of-Experts (MoE) large language models decouple capacity from compute through sparse routing, but their large parameter count creates storage and serving challenges. We analyze three MoE compression families: expert pruning, expert merging, and weight reconstruction, and derive structural error bounds showing that pruning and merging can incur non-vanishing errors tied to routing and expert heterogeneity. In contrast, weight reconstruction avoids these structural costs by preserving expert structure and routing. Motivated by the analysis, we propose Shared Low-rank Basis Factorization (SLBF), a data-free weight reconstruction method that uses rank-$k$ bases shared among experts, enabling richer cross-expert sharing, faster convergence, and lower reconstruction error. A post-hoc gauge fixing removes redundant parameters at no representational cost. Across five MoE architectures spanning 16B to 122B parameters, SLBF consistently outperforms methods from all three compression families.",AI inference serving and networking; HBM memory and context storage,,AMD; AMZN; ANET; AVGO; CRDO; CRWV; GOOG; MRVL; MSFT; MU; NBIS; NTAP; NVDA; ORCL; PSTG; SNDK; STX; WDC,,62,72,2026-10-08T16:25:45.888932+00:00
f65306666abb6a6d,2026-10-07,news,Google News: physical AI robotics world model,https://news.google.com/rss/articles/CBMilgFBVV95cUxPUjZZd3ZCakU1SXdBUENBYy1ZbFlWRkhxRVZ1dDh6MlE4aVFucV9YT01wNGdjb2JkdXNIRnViT2FSc184dUJMclVGQzZfd0RCQ2dVQXNMcjNJQ09TVThYa0hjaFM3M3dlZzJzaHFVRmdHeksxSjUtLWJYVlluOTFPMnNxVkRCRWtFS3VWeGc0WHF4d2dKSEE?oc=5,Physical AI and Robotics: The Robot Almanac - Morgan Stanley,Physical AI and Robotics: The Robot Almanac Morgan Stanley,Physical AI and robotics,,ISRG; NVDA; ROK; TER; TSLA,,61,67,2026-10-08T16:25:41.936136+00:00
f4b6f7bc9985edd3,2026-10-07,news,Google News: physical AI robotics world model,https://news.google.com/rss/articles/CBMiekFVX3lxTE5ERWZxQVlHSDdYLVZMVDFRbi1xVmtPNjJJZTBwMmxYVVJrY3Z3YnRtRHRDYXVWN0R1VE9fa3hZX3N4X3dGbmMtcnBSdUxkWUZUZ1RmdmhCQmtWNzBGQjNXSncwWURUZEdsX3kwN1MyZE5HRG82MmJ6UGlR?oc=5,The Machines that Make the Machines | NVIDIA Technical Blog - NVIDIA Developer,The Machines that Make the Machines | NVIDIA Technical Blog NVIDIA Developer,Physical AI and robotics,NVDA,ISRG; NVDA; ROK; TER; TSLA,,61,67,2026-10-08T16:25:41.936136+00:00
16d6fe474f7f19fc,2026-10-07,arxiv,arXiv: Long context and KV cache,https://arxiv.org/abs/2610.10114v1,Mechanics of Long-Context Hybrid Models Part 1.1: From Hybrid Attention to Hybrid Position,"The architectural design of Large Language Models (LLMs) is shifting from traditional full-attention-only models to hybrid models, which combine different attention modules to improve long-context efficiency and performance in length extrapolation and context extension. To explain why hybrid models work and how to design them better, we propose Mechanics of Long-Context Hybrid Models. As Part 1.1 of this series, we begin with hybrids of full attention and either sliding-window attention (SWA) or gated variants of linear attention (LA), represented by GLA and GDN. We first observe a Seesaw Effect in Context Extension: LA hybrids benefit more from long-context continual pretraining, whereas SWA hybrids perform better under length extrapolation. We attribute this behavior to differences in the positional inductive biases induced by these attention mechanisms. We find that SWA hybrids suffer from a Short-Context Learning Trap, Short-Window Weariness, and Long-Window Laziness, and require extended windows to enhance performance in continual long-context pretraining. For LA hybrids, we summarize the Matthew Effect of Hybrid Position Extrapolation and propose Sliding-Window Linear Attent…",HBM memory and context storage,,AMD; AMZN; GOOG; MSFT; MU; NTAP; NVDA; ORCL; PSTG; SNDK; STX; WDC,,58,64,2026-10-08T16:25:45.888932+00:00
db45b6ecd91ca170,2026-10-07,arxiv,arXiv: KV cache and inference memory,https://arxiv.org/abs/2610.09476v1,CHASE: Channel-Aligned Structure Exploitation for Geometry-Aware Model Engineering,"Geometric and Spectral Alignment (GSA) characterizes trained networks through spectral concentration, physical-channel alignment, support structure, and changes in singular bases. In this paper, we propose CHASE (Channel-Aligned Structure Exploitation) to use these structures in practical model design. CHASE covers six applications across model modification, reconfiguration, and compression. CORA, COEC, and CORAM apply GSA to parameter-efficient finetuning, structured-pruning compensation, and model merging. We further develop three new methods. CAGA uses GSA to identify multi-head attention heads that can share a KV representation and constructs the shared key and value heads through geometric alignment and low-rank subspace extraction. SAKV uses GSA to determine which adjacent layers can share a low-rank KV-cache representation and the retained rank for each layer group. CAPS uses GSA spectral structure to group output neurons and selects retained input channels separately for each group. Results from CORA, COEC, and CORAM establish the effectiveness of GSA for adaptation, pruning compensation, and model merging. Experiments on CAGA show that geometric shared-head construction s…",HBM memory and context storage,,AMD; MU; NTAP; NVDA; PSTG; SNDK; STX; WDC,,58,64,2026-10-08T16:25:45.888932+00:00
e9950af610761a4c,2026-10-07,arxiv,arXiv: Mixture of experts,https://arxiv.org/abs/2610.09424v1,Democratizing MoE inference on commodity GPUs with CoMoE,"Deploying Mixture-of-Experts (MoE) models relies heavily on Expert Parallelism, which generates intense inter-GPU communication. Consequently, state-of-the-art inference systems require high-bandwidth, P2P interconnects (e.g., NVLink) in datacenter GPUs to handle massive token routing, making deployment prohibitively expensive. Consumer GPUs offer comparable compute power at significantly lower cost, promising to democratize MoE inference for individuals and enable privacy-preserving local deployments. However, their bandwidth-limited (only weak PCIe bus bandwidth) and host-mediated interconnects (no P2P support) introduce severe communication bottlenecks. We present CoMoE, a communication-efficient MoE inference system that resolves this mismatch through novel host-centric routing. Our key insight is that the unique communication topology provides the opportunity to elevate the host to an active routing hub, which can fundamentally reduce communication volume and eliminate global synchronization-induced stalls. Specifically, for token dispatch, we introduce host-backed token multicast to write shared tokens to the host exactly once, eliminating outbound transmission redundancy. F…",AI inference serving and networking,,AMD; AMZN; ANET; AVGO; CRDO; CRWV; GOOG; MRVL; MSFT; NBIS; NVDA; ORCL,,58,64,2026-10-08T16:25:45.888932+00:00
98c9de6822bf9a64,2026-10-07,arxiv,arXiv: Speculative decoding,https://arxiv.org/abs/2610.10411v1,Training Parallel Speculative Draft Models by Directly Minimizing Expected Decoding Rounds,"Speculative decoding accelerates large language model inference by using a low-cost draft model to propose tokens that the full-size target model verifies in parallel. Parallel and semi-autoregressive (semi- AR) drafters improve drafting efficiency by proposing an entire block in a single forward pass, but training them raises a new difficulty: the draft distribution for a given position depends on where the decoding round starts, and where rounds start depends on how many tokens earlier rounds accepted. Existing training objectives typically rely on block-local surrogates that ignore this cross-round coupling, and therefore do not directly optimize the global decoding efficiency. In this work, we develop a theoretical framework for training and evaluating these drafters by representing speculative decoding as a Markov reward process. This formulation yields the Expected Decoding Rounds (EDR) objective, which weights local rejection costs by state occupancies and exactly equals the expected number of decoding rounds. Unlike prior surrogate objectives, EDR introduces no auxiliary hyperparameters. We then derive an exact temporal-difference gradient that supports unbiased stochastic…",AI inference serving and networking,,AMD; AMZN; ANET; AVGO; CRDO; CRWV; GOOG; MRVL; MSFT; NBIS; NVDA; ORCL,,58,64,2026-10-08T16:25:45.888932+00:00
af7d7acee9ae0b6c,2026-10-07,arxiv,arXiv: Memory bandwidth,https://arxiv.org/abs/2610.10403v1,SUSpMV: A High Frequency Sparse Matrix Vector Multiplier on HBM Enabled FPGA written in SUS,"SUSpMV is a Sparse Matrix Vector multiplication (SpMV) accelerator written in the upcoming HDL SUS. By leveraging SUS's unique latency counting and inference mechanism, SUSpMV could be designed with very deep pipelines yet small design complexity overhead. This enables an efficient implementation which employs all 32 HBM channels on the Alveo U280 FPGA at 400MHz for streaming matrix data into 32 Compute Units (CUs). Input and output vectors are stored in DDR memory, which allows zero-overhead chaining of multiplications and increases overall system memory bandwidth by not sharing HBM bandwidth with the CUs. A CU processes the SpMV in tiles of width 1024 and a dynamically chosen height, up to 32768. Each CU is capable of accumulating the multiplications with up to 6 separate matrix entries per cycle, resulting in the combined theoretical peak computational throughput of 153.6 GFLOPs. The matrix storage format is designed to exploit density variation within a given matrix by dynamically switching between one representation optimized for denser regions, and a second optimized for sparser regions, allowing jumps of up to 255 rows between each entry. Evaluation demonstrates a 79% geome…",HBM memory and context storage,,AMD; BE; MU; NTAP; NVDA; PSTG; SNDK; STX; WDC,,58,64,2026-10-08T16:25:45.888932+00:00
aef7f42620a79f0a,2026-10-07,arxiv,arXiv: World models and robotics,https://arxiv.org/abs/2610.09457v1,DSReg: Provably Recovering Individual World Latents without Reconstruction,"Methods that recover individual latent variables of the world, from nonlinear ICA to dictionary learning and causal representation learning, anchor the latents to observations through reconstruction, auxiliary supervision, or distributional asymmetries such as non-Gaussianity. Methods without these anchors, including joint-embedding predictive architectures (JEPAs), identify the latent state only up to a linear transformation, so individual latents remain mixed. We close this gap: individual world latents can be provably recovered with no reconstruction, no decoder, and no labels. The key condition is Structural Diversity: different latents leave distinct dependency footprints on observations, just as no two snowflakes are alike. Building on the linear identifiability that LeJEPA provides, we prove that under Structural Diversity, DSReg (Dependency-Sparsity Regularization) recovers individual world latents up to signed permutation, without reconstruction or a decoder. It applies post hoc to any linearly identified representation, reusing trained checkpoints at no loss over joint training, and establishes the first fully identifiable JEPA that recovers every world latent. Moreover,…",Physical AI and robotics,,BE; ISRG; NVDA; ROK; SNOW; TER; TSLA,,57,64,2026-10-08T16:25:45.888932+00:00
26bc48661b4c750b,2026-10-07,arxiv,arXiv: World models and robotics,https://arxiv.org/abs/2610.10515v1,RoboJEPA: Scaling Robotic Latent World Models,"Latent world models have shown a remarkable ability to predict future states and to plan in the real world. In practice, however, we lack a principled way to estimate how their capabilities scale with model size, data, and compute, an open problem that slows progress in the field. In this work we present RoboJEPA, a world model based on the Joint Embedding Predictive Architecture (JEPA) and trained on a large-scale dataset spanning 12 robotic embodiments. We show that RoboJEPA's imagination error, the error of its latent rollouts, follows a second-order power law in compute, allowing us to predict model quality well beyond the scale at which the law is fit. We further show that downstream robotic planning performance improves predictably with compute, and that imagination error is strongly correlated with it, making it a reliable proxy for real-robot evaluation. Finally, we demonstrate that latent world models can be deployed zero-shot as robotic agents, planning toward a single goal image to solve tasks requiring long-horizon planning on real hardware. We release all model checkpoints together with our training and robot deployment code. To our knowledge, this is the first work t…",Physical AI and robotics,,BE; ISRG; NVDA; ROK; TER; TSLA,,56,64,2026-10-08T16:25:45.888932+00:00
fe77782d655171cb,2026-10-07,arxiv,arXiv: World models and robotics,https://arxiv.org/abs/2610.09940v1,Juno: Taming Predictive Latents for Vision-Language-Action Models,"Joint-embedding predictive architectures (JEPAs) predict masked or future observations in representation space, offering a natural source of predictive latents for vision-language-action (VLA) models. Yet making these latents useful across pretraining, policy learning, and deployment requires addressing three failures: mismatch with embodiment-specific control, interference with action learning, and teacher miscalibration under distribution shifts. We introduce Juno, a unified framework built around one action-conditioned JEPA that serves as a control-aligned representation backbone, a predictive teacher, and an adaptable dynamics model. During pretraining, we train it on embodiment-matched trajectories and use a dynamic CLS loss to transfer motion-weighted patch dynamics to a compact global state. During policy learning, we fuse current-frame JEPA patches into VLA perception and use a decoupled reasoning branch with separate transformation parameters to distill future latent states for action generation. During deployment, we adapt the world model on all observed transitions, including failed rollouts, freeze the adapted teacher, and re-align the policy on verified executions usi…",Physical AI and robotics,,CLS; ISRG; NVDA; ROK; TER; TSLA,,56,64,2026-10-08T16:25:45.888932+00:00
c5b1b9fe39050194,2026-10-07,arxiv,arXiv: World models and robotics,https://arxiv.org/abs/2610.09763v1,Beyond Policy Support: Interaction Constrained Offline Reinforcement Learning for Autonomous Driving,"Offline reinforcement learning enables reward-driven policy improvement from fixed datasets without requiring online exploration, making it particularly attractive in safety-critical domains. A central challenge, however, is distribution shift: policy optimization may favor actions that are weakly supported by the offline data, rendering value estimates unreliable. Existing approaches primarily control this shift in the policy's own action space. In interactive environments such as autonomous driving, this can be insufficient: a candidate ego trajectory may remain well supported under the marginal behavior distribution while being poorly supported jointly with the surrounding-agent behavior observed in the logged interaction. We refer to this degradation in interaction support as \emph{interaction distribution shift} (IDS), and introduce \emph{Interaction-Constrained Drive Policy} (ICDP), an offline reinforcement learning framework that explicitly controls interaction-level distribution shift. Starting from the joint data distribution over ego and surrounding-agent futures, we show that joint-support degradation decomposes exactly into an ego-support component and a residual inter…",Physical AI and robotics,,BE; ISRG; NVDA; ROK; TER; TSLA,,56,64,2026-10-08T16:25:45.888932+00:00
64c44d678863e88d,2026-10-07,arxiv,arXiv: World models and robotics,https://arxiv.org/abs/2610.09734v1,ΔWAM: Distilling Action Tangent Fields into World Action Models,"World Action Models (WAM) improve robot policies by augmenting sparse action supervision with dense future prediction. However, much of the predictable future is dominated by appearance and scene persistence rather than action-dependent dynamics. We observe that several recent WAM designs, including optical flow, motion-centric representations, and latent actions, can be understood from a common perspective in which world supervision becomes more efficient as it contains a higher proportion of action-relevant variation. Based on this insight, we introduce Action Tangent Fields, which reformulate world supervision through a local Taylor expansion of how actions induce changes in future dynamics. We represent future dynamics in Residual-VAE space, where the future latent remains recoverable from the current latent and its residual, and use a strong action-conditioned world model (ACWM) to probe the local correspondence between action variations and residual-world variations. This local first-order structure is distilled into the WAM to guide its denoising supervision toward dynamics that are more tightly coupled to action, rather than merely predictable from appearance. Across LIBER…",Physical AI and robotics,,BE; ISRG; NVDA; ROK; TER; TSLA,,56,64,2026-10-08T16:25:45.888932+00:00
9f5374fea2c36f3e,2026-10-07,arxiv,arXiv: World models and robotics,https://arxiv.org/abs/2610.09785v1,UltraWorld: Learning Interactive Ultrasound World Models from Untracked Clinical Videos with Acoustic Sampling Map,"World models can enable autonomous ultrasound scanning by predicting the outcomes of probe motions from local observations. Learning this action--observation relationship typically relies on synchronized video--pose pairs, which are costly to collect at scale and largely unavailable in routine clinical recordings. Reliable action following further requires modeling ultrasound's cross-sectional sampling geometry. We present UltraWorld, a self-distillation recipe that transfers priors from clinical ultrasound videos into interactive world models without real action annotations. Starting from clinical videos, we adapt a video foundation model into an ultrasound generator conditioned on reference images and anatomical masks. Anatomical masks sampled along programmable trajectories through 3D anatomy provide spatial guidance for synthesizing action--video pairs. We then use these synthetic pairs to self-distill the generator into a world model that predicts future observations from local observations and actions, without requiring anatomical masks or other 3D assets at inference time. To further improve action following, we introduce the Acoustic Sampling Map (AsMap), which represents…",Physical AI and robotics,,ISRG; NVDA; ROK; TER; TSLA,,55,61,2026-10-08T16:25:45.888932+00:00
d52311868031de37,2026-10-07,arxiv,arXiv: World models and robotics,https://arxiv.org/abs/2610.09309v1,Predicted Futures Are Not Enough: Learning Executable Goals for Robot Manipulation,"Generative world models provide rich predictions of how manipulation scenes may evolve toward task objectives, yet those futures do not directly expose the compact task variables required by control. When training supervises future prediction alone, terminal goal accuracy is not an explicit learning objective, even when geometric recovery is available. We present Entity-Level Goal Readout, a learned prediction-to-execution interface that makes the executable terminal goal an explicit output of a 3D trace world model. It combines object-centric pose prediction with translation grounded in observed depth to produce a compact goal in SE(3). A shared Pose-Native Executor consumes this fixed goal with online object-pose feedback for closed-loop control without rerunning the world model. Across five manipulation tasks, the pipeline achieves a mean success rate of 79.69%. Goal diagnostics directly measure terminal goal accuracy, while controlled translation perturbations characterize how execution degrades under goal error. Zero-shot deployment on a Franka arm achieves 73.33% success on nominal StackCube, 66.67% with distractors, and 75.00% on PickPlate with a target unseen during policy…",Physical AI and robotics,,ISRG; NVDA; ROK; TER; TSLA,,55,61,2026-10-08T16:25:45.888932+00:00
b7a2ec1e870e0e33,2026-10-07,arxiv,arXiv: World models and robotics,https://arxiv.org/abs/2610.09305v1,Kuration SDK: Addressing the Virtual2Real Gap via Data Curation,"Benchmarks for measuring the quality of action-conditioned world models are still evolving and shifting away from visual similarity-based metrics to action-semantic and physically-grounded metrics. However, for domain and task-agnostic action-conditioned world model training, existing benchmarks provide a limited signal. By training and evaluating diffusion world models on CounterStrike gameplay data, we confirm that qualitative playability does not correspond with metrics such as FVD, LPIPS, and JEDi. We term this the Virtual2Real gap. We posit that, in lieu of reliable benchmarks, curating raw gameplay data and measuring a variety of diagnostic properties provides a more robust signal to bridge the gap, before the training even begins. We present several curation strategies and a general-purpose kit for physical AI data curation called Kuration SDK, which is being open-sourced with this paper. The SDK was instrumental in uncovering the root cause of the virtual2real gap in a specific case: why two world models trained on identical gameplay map, action and state distribution, behaved very differently when played in spite of having very similar LPIPS and FVD scores. Thus, Kuration…",Physical AI and robotics,,ISRG; NVDA; ROK; TER; TSLA,,55,61,2026-10-08T16:25:45.888932+00:00
addc27f95b06089d,2026-10-06,news,Google News: co-packaged optics AI data center CPO,https://news.google.com/rss/articles/CBMie0FVX3lxTE5YRDhhRXd6QmNaMWVvNEZUNVB6TVlXWWpvVDlPdlozTEI5VmhoZXFmZUlFVTRCWENORlYxaXN4bTVFdzBFZDNYanFVNzdlMFdJQ2Q4RUdkV1owLTZnbjhTNUdQazdzUzFOMU45djhPejZ3ZGNuNHdmNkFscw?oc=5,Integrated Optics | AI Clusters | AI Infrastructure - Broadcom,Integrated Optics | AI Clusters | AI Infrastructure Broadcom,CPO and optical interconnect; Rack-scale AI factory,AVGO,ANET; AVGO; CIEN; COHR; CRDO; DELL; ETN; FN; GLW; HPE; LITE; MRVL; NVDA; SMCI; VRT,,68,78,2026-10-08T16:25:41.936136+00:00
f078e8f738cb3524,2026-10-06,news,Google News: HBM AI server storage memory bandwidth,https://news.google.com/rss/articles/CBMidkFVX3lxTFBISUhXTE9yZEJ3dFhnR3VaQTBQUEpRS0o2dE14XzVJYTlzRnY4Z0JlMEliNmpsOW5BUWhnOGxvLUZINHJ5V1lSdDVySWZDRk9hdTRiTjZXdVdyN2lTZWFjQlNseFhWTTBxTllIdk9YVXZtY09vVnc?oc=5,YMTC Warns NAND Supply Crunch Could Last Until 2029 as AI Infrastructure Crowds Out Consumer-Grade Capacity - BigGo Finance,YMTC Warns NAND Supply Crunch Could Last Until 2029 as AI Infrastructure Crowds Out Consumer-Grade Capacity BigGo Finance,HBM memory and context storage; Rack-scale AI factory,,AMD; ANET; CRDO; DELL; ETN; HPE; MRVL; MU; NTAP; NVDA; PSTG; SMCI; SNDK; STX; VRT; WDC,,68,78,2026-10-08T16:25:41.936136+00:00
8aa3bd8764b6356e,2026-10-06,news,Google News: US domestic semiconductor supply chain advanced packaging materials equipment,https://news.google.com/rss/articles/CBMikwJBVV95cUxQazVISVphUmo4ME9RRS1nZ1dKSHhXSjNkTW4yZXRRU29kVkJJUnpPVnFmWTJlampubU1fUFB4Y1dLV0pXMHZSRmhpWUtDM3RDbk5NTkJYRXhmaGYwYTZRUjhKbVRPN2haNjFQcGVBN0JHNktKQmpvT0tjQm1EQXdYTXNxZDlZUVlCNlpIbkJVY2dqSk1hNF92cC1OVTN6Z1FhUlhKTURQT3NOcXEzS1E2YnNiRXRJSWRFYTVBakZpUVR3TEZadmtVSnI2N2t2Y21QSlJaSWtVODVEQWFEZm5WNXVxYWQwNUYwaUptYUpHek9QVl9jRjFfbXJ6VS01UGdKUHdCbkhQRG9VdFVpSzliQ3gtbw?oc=5,"Advanced Packaging Market to Reach USD 90.11 Bn by 2031 as 3D ICs and Hybrid Bonding Accelerate Adoption, Says Mordor Intelligence - PR Newswire","Advanced Packaging Market to Reach USD 90.11 Bn by 2031 as 3D ICs and Hybrid Bonding Accelerate Adoption, Says Mordor Intelligence PR Newswire",AI PCB and advanced packaging; Semiconductor materials and consumables,INTC,AMAT; AMKR; ANET; ASML; AVGO; DELL; ENTG; INTC; LRCX; MRVL; NVDA; Q; TSM,,68,78,2026-10-08T16:25:41.936136+00:00
6581c573cc8d0388,2026-10-06,news,Google News: AI PCB CCL advanced packaging server,https://news.google.com/rss/articles/CBMif0FVX3lxTE9GNVBZZXBKZWQzQ0RuRTdCOS10Mi15VUNSS1hVemdSMEh4akxGaklaYVlaVGU0UnQzVDZXcHlicjdFN1V0cGdyVXY5UTc3N1U3QWx1ZFNobVR1clFqa1dJbzRMNkYycXR2LUViNF9Oc2xITXV5LWNrcXBRbTdDVFU?oc=5,SpaceX and xAI’s Push Toward 10 GW: The Supply Chains and Geopolitics Behind AI Infrastructure - semivision,SpaceX and xAI’s Push Toward 10 GW: The Supply Chains and Geopolitics Behind AI Infrastructure semivision,AI PCB and advanced packaging; Rack-scale AI factory,,AMKR; ANET; ASML; AVGO; CRDO; DELL; ETN; HPE; INTC; MRVL; NVDA; SMCI; TSM; VRT,,68,78,2026-10-08T16:25:41.936136+00:00
05e82e7d305352a5,2026-10-06,news,Google News: Vera Rubin AI factory NVIDIA,https://news.google.com/rss/articles/CBMi0gFBVV95cUxNQmdkVWFTRFBWa0VScjE5eF9sWEx4TzlQOUN4NTdCelBQZkprT245NFJ0cVhOT3g1WDVweXkwZEVOZmdNODdveVR0WWhaRTh6T3hPRXRVelhOcm1jQnJKbi1venBHN2JYYkhXX1FVeEtqaDdRczMySWwyWXZOQ05INWRLa21TVEFGU0RUa21PUUVYVW9aWHozQzlwM2xXZnZkVDRET3hhTWpYbzRpazU0RUI3TFJFa25fbk9BWGhpdjNUd3VXT1pKZXFzcnpNOGREQWfSAdcBQVVfeXFMUGhyRTZ2S1BoLUdnZkktLVFuYlpjY3gzLUFOc2JXVDd2R1l2d2kzSjRIZnVRTmQ0VFZ4WWFoVDZQRllQTFlEeUk1Tm1ESC16TmdTNlk5d053NDRiU09sLXJ6cUlGWmYyVGFUWW5MVllPMG1PTklQd2dBbWlKWWRLdX…,"AM Intelligence signs new deals with Nvidia to buy 20,000 Rubin GPUs - ET Telecom","AM Intelligence signs new deals with Nvidia to buy 20,000 Rubin GPUs ET Telecom",Rack-scale AI factory,INTC; NVDA,ANET; CRDO; DELL; ETN; HPE; INTC; MRVL; NVDA; SMCI; VRT,,64,70,2026-10-08T16:25:41.936136+00:00
70e7ec48ddf26807,2026-10-06,news,Google News: Vera Rubin AI factory NVIDIA,https://news.google.com/rss/articles/CBMioAJBVV95cUxNalJsbUFtNWNLT3pQY3ZhRlhEUlpVTnF6NFBod1ZlcG80M3c4SFA0emJrYldfUUlBR3hENXFqOUhIWVdSaWF2cWpsVWFRWEx1Rk9LT2hoTUFRVnNadXg0NjRYdEc2eXowbXpPc3EycEFoOGNtYnlDZFkxdUt4cjYzVmdlaWVTcGc5WVJyRzc5UlJ3RzNHaENPM0ZKTWFObXlVTTUzLVg4enhaamRXcmVLemVOM1NYWmVKMFFMSlZYMk8wNU1vOGNyQ1k0LW9EZENOTUV0NEIxNUJRcFlVY2diNlhzNl8xblRLSGJ4Zmlibmswd09OMS1PN3VENmJyb01UZjE2Z3N2dDZsSVk5Z1hiUFVrMGxDR2pzZDAyUklIYmjSAe8BQVVfeXFMUDQ3eXhVRFZuZkZoelU1Z0Iyd1ZUOHpEMWVCYTFCNWtDY2R1OWNVNHhfUW…,"AM Intelligence expands NVIDIA Rubin AI Factory in India, Malaysia - ET Datacenters","AM Intelligence expands NVIDIA Rubin AI Factory in India, Malaysia ET Datacenters",Rack-scale AI factory,INTC; NVDA,ANET; CRDO; DELL; ETN; HPE; INTC; MRVL; NVDA; SMCI; VRT,,64,70,2026-10-08T16:25:41.936136+00:00
f864c424ae4854ce,2026-10-06,news,Google News: AI data center liquid cooling power,https://news.google.com/rss/articles/CBMivwFBVV95cUxONFg3LTlYUW9HZEhUaTZtVEc2ajd2TTZLZG0tU1BYTlFNSjhDcUthaVNBTHE4VXBGcEhfQ0N4RnAyMWlCaDBJTkZMb3B3ZkRNbVFjZWthU25hb25BV3NtTy1IclhkSzhoSmZQOGR6cXk4cnRwUWxFVmROOWdxYlVIaldrTWhFMnN6QWpCZmd2ZkljeGhuSU9tVVJ2eVVRend6ZDF1cUZIcGVkc2c1clc3YzBJSy1JNzREcFZQb0hTNA?oc=5,AI data centers could get liquid cooling using energy-saving materials. Green Circle is in early talks with operators. - Stock Titan,AI data centers could get liquid cooling using energy-saving materials. Green Circle is in early talks with operators. Stock Titan,AI data center power and cooling,,BE; CAT; CEG; CVX; DELL; ETN; FLNC; GEV; LNG; NEE; OKLO; SMCI; SMR; VRT,,64,70,2026-10-08T16:25:41.936136+00:00
a9eba691eb69204d,2026-10-06,news,Google News: AI data center liquid cooling power,https://news.google.com/rss/articles/CBMiuAJBVV95cUxPbjQtRWwzTWVfR2FhQXItSWlnUE5WZnpiUEZvQU00RHpHZ0ZZZkJOc0N4bnQ3V2o2TEp0WGNjQkJGNjVqQXp5ZzRIQk4wT2FlV3EtUkhOSTl4UlFDZ2JDUVFMOTF4OXZRSzFna3cxYlpTVElEbHpkZGVMZkxyQVhRMklIelV5RGlpSmxGbUloNk1mckotMzBCOWdUcGVHbFJoSkhyTHc3cjlncVNzNEI5Q2ZCVjhQa0VEX05JWUoxTk9EdzJUUEc4RDU3TExuR3pmalVmaUpMTGJMOGh1SXMwazBjSEROei1yX2xmd0pZWi1fcjV0dEU5ektOMjl6WTdZWFNoZXQ5X01Ob1ZuSVVzZmlCdEhmM195c3l3MGVyRkJzUkhheE1lcno2S2t0ZmVzUlBrajJWS1A?oc=5,Green Circle Decarbonize Technology Planned to Enter AI - GlobeNewswire,Green Circle Decarbonize Technology Planned to Enter AI GlobeNewswire,AI data center power and cooling,,BE; CAT; CEG; CVX; ETN; FLNC; GEV; LNG; NEE; OKLO; SMR; VRT,,64,70,2026-10-08T16:25:41.936136+00:00
bf8258981309f151,2026-10-06,news,Google News: AI data center liquid cooling power,https://news.google.com/rss/articles/CBMickFVX3lxTE03VW9DZkk5UHVndTN3WEZ0bkY4anZ3V25DeGdMbjYxWHlPbEkzdUVURE53N09GVWRyVWhZd3VaV2kwSkkxaGJPZzVCcGhRZ3B1aXJDdVNGcGtUNDBfQnRBRUhWNmRqbjE4bDlaeWV2dmR2UQ?oc=5,AI Data Center Boom: Understanding How Risks Are Changing - Carrier Management,AI Data Center Boom: Understanding How Risks Are Changing Carrier Management,AI data center power and cooling,,BE; CAT; CEG; CVX; ETN; FLNC; GEV; LNG; NEE; OKLO; SMR; VRT,,64,70,2026-10-08T16:25:41.936136+00:00
6f25826bba7bdbd8,2026-10-06,news,Google News: AI data center liquid cooling power,https://news.google.com/rss/articles/CBMikwFBVV95cUxNUG4xZTA3Ti1fcFczNFhGcWV1WnR4T3hCVjE5ak9EdVRWSjU4MkVZRlhkTlUwQmI0MWxSZlVHT1p5SzhKc3c1a3hMbVFJb1BoQW1LUGx0RVRIMW1jdk1SR0Z6UkVlSldOY0FiOEVzUmlBbkYzWGVHTG1vNE1DU1lQaWtBS19UUEJHc2dJVTZ4MEFWVWc?oc=5,MagPro launches 1.85 MW AeroLev chiller for AI data centers - Refindustry,MagPro launches 1.85 MW AeroLev chiller for AI data centers Refindustry,AI data center power and cooling,,BE; CAT; CEG; CVX; ETN; FLNC; GEV; LNG; NEE; OKLO; SMR; VRT,,64,70,2026-10-08T16:25:41.936136+00:00
5e86f0a7731ec7bd,2026-10-06,news,Google News: co-packaged optics AI data center CPO,https://news.google.com/rss/articles/CBMilwFBVV95cUxPeU1weDJRS0h3SjNhS1VlR1Zmbkp0OWdKNkh3ZnhYb2JVeEh6WGJlSzlqN1VpenZaOHE5SDB5T0N3Yml1dUkxa3psaUlYUWdvaEZldE8tNk1pOTdMMTI5bUwtNkZFZ1ZUd1YyemdmNGpIc3V4QmhHblhjM2hFa1hnQkQxdG1UX2F3cHNDUHpMMGZ0UFdHdjEw?oc=5,MicroLED: from the living room to the AI data center - Yole Group,MicroLED: from the living room to the AI data center Yole Group,CPO and optical interconnect,,ANET; CIEN; COHR; CRDO; FN; GLW; LITE; MRVL; NVDA,,64,70,2026-10-08T16:25:41.936136+00:00
6c2cd213b9a0e907,2026-10-06,news,Google News: co-packaged optics AI data center CPO,https://news.google.com/rss/articles/CBMikgFBVV95cUxOT0lSbml5by14Z3ZETlVyYnh5TU03OVFHSFhjRGFmaE0zUHEzcWtuZG4zZUFaVVR4VTMxUFJlMEhuMDlMSVJaVlpIR0RBazBqcnhMTUVxYTUydlIySzVFV0N6VmRDRkxvQ1Z4UWFUcEhfVm94SmxFRVRkRXBkZDJsTUVROWV5MG1Va0Y4OGE4WTB2dw?oc=5,"CIG and ml&s Group to Establish High-Speed Optical Module Production in Arteaga, Coahuila, Mexico - Yahoo Finance","CIG and ml&s Group to Establish High-Speed Optical Module Production in Arteaga, Coahuila, Mexico Yahoo Finance",CPO and optical interconnect,,ANET; CIEN; COHR; CRDO; FN; GLW; LITE; MRVL; NVDA,,64,70,2026-10-08T16:25:41.936136+00:00
7bdc49c39ee52fd2,2026-10-06,news,Google News: long context inference serving KV cache AI,https://news.google.com/rss/articles/CBMiugFBVV95cUxNVGZ3RFNLUzFRZTlPS1FTLU1Lc0xrWHg5VEZsSGpDTlR1QW5FOHJ6ZXBzMExHaTZTVzZidW9ZVW1tV1pMOUlzY2VucnZ4M1czN1ZheWowbzgyalJxSmNXX2t5NVo4VFM3R3NnSTBHS0FWdVV2U2NGSFh5WmUyczlXMjlaODdpcl80c0Q1NFprMlctdzZ1TDhhNWM3elRKaEx2YnRRQ0Rmay1BMnpmd0pCVk9NSll2eXBVVEE?oc=5,Moving Flash Into the Runtime: Everpure Repositions FlashBlade for Agentic Workloads - The Futurum Group,Moving Flash Into the Runtime: Everpure Repositions FlashBlade for Agentic Workloads The Futurum Group,AI inference serving and networking,,AMD; AMZN; ANET; AVGO; CRDO; CRWV; GOOG; MRVL; MSFT; NBIS; NVDA; ORCL,,64,70,2026-10-08T16:25:41.936136+00:00
49b64f415e83f6ea,2026-10-06,news,Google News: HBM AI server storage memory bandwidth,https://news.google.com/rss/articles/CBMidkFVX3lxTE5rVk1JalI4aEQ0WXpTNV9XLWFyWlJmNWU0OGRmREhCdDZTbTdLaEptNTFaczEwaU1xNGhrT3RnQ2pmVkF4SVpfQWFPVE9VcDBwdklKOG53T0NnaU0tMTBWYlp0SVlSaUozWjF2R0k3dG1yRERVd2c?oc=5,"AI Memory Shortage Could Last Years; Morgan Stanley Names Nvidia, Micron Among 6 Outperformers - BigGo Finance","AI Memory Shortage Could Last Years; Morgan Stanley Names Nvidia, Micron Among 6 Outperformers BigGo Finance",HBM memory and context storage,NVDA,AMD; MU; NTAP; NVDA; PSTG; SNDK; STX; WDC,,64,70,2026-10-08T16:25:41.936136+00:00
20edf86d66bc046f,2026-10-06,news,Google News: AI PCB CCL advanced packaging server,https://news.google.com/rss/articles/CBMiakFVX3lxTE1RMnB5WTRraXFwYVZFRDBvMkloSEQ2TE5GU25lNHRQcUZsYVBhODdsWHJ0RUxEWTk5dkdUNEFoVm5iTDBqZEVBaVJHbC1WSlpzNndCTVk0NVM4NUNDSS1qWks2UnA3X1BBaHc?oc=5,China's 15th five-year plan elevates PCB role in AI supply chains - digitimes,China's 15th five-year plan elevates PCB role in AI supply chains digitimes,AI PCB and advanced packaging,,AMKR; ANET; ASML; AVGO; DELL; INTC; MRVL; NVDA; TSM,,64,70,2026-10-08T16:25:41.936136+00:00
820f953ae23d965a,2026-10-06,news,Google News: US domestic semiconductor supply chain advanced packaging materials equipment,https://news.google.com/rss/articles/CBMib0FVX3lxTFBGX2IwSk5NSmtRdXo0VzNBX1lHR0xkLXBlSHd3dXh5d2NuZFlDaTNaQmlVZE40ZXM0MmREQ2hDZ3FVeHRCTEtLWThvaXVDcl8tazVmem9OT0JEZHhHY3pvMXA1TnRNMUtwbnBVT05LMA?oc=5,Southeast Asia’s Semiconductor Race: Can the Region Move Up the Value Chain? - FiscalNote,Southeast Asia’s Semiconductor Race: Can the Region Move Up the Value Chain? FiscalNote,Semiconductor materials and consumables,,AMAT; ENTG; INTC; LRCX; Q; TSM,,62,70,2026-10-08T16:25:41.936136+00:00
47bdf7c85aede5c8,2026-10-06,news,Google News: US domestic semiconductor supply chain advanced packaging materials equipment,https://news.google.com/rss/articles/CBMi1gFBVV95cUxNeFlKdUxuWU8wdHZmYVRQR3Z1X25nM1c2Tm5ZY0ZEVXVXc0NMdC11cTc1a3ZScXFIb0VBN2hVS3RIOUQ3R1dWMHRmWmhEc0dfTmpsT19aS1hHVTdQR2hKLW9LcWhCQW5pTDNCV3A3M3ZVVU9UMzgyZVkzNzl5SWJxa2J4dUhUaHhKaVJadXFnVFZyQXNqLUFiZDZyd3phekRlYlYxZ1FDYTJxVmxsTmNuY3NSaGVBSG9nNF9JRFdqRk9iSGtfOVZZX28tZXg0LV9tZUZjcGp3?oc=5,Italy Approves $3.7 Billion Silicon Box Chip Plant to Strengthen Europe’s Semiconductor Supply Chain- Expert View by Spherical Insights - Spherical Insights,Italy Approves $3.7 Billion Silicon Box Chip Plant to Strengthen Europe’s Semiconductor Supply Chain- Expert View by Spherical Insights Spherical Insights,Semiconductor materials and consumables,,AMAT; ENTG; INTC; LRCX; Q; TSM,,62,70,2026-10-08T16:25:41.936136+00:00
1e23a381d3a4abe3,2026-10-06,arxiv,arXiv: Mixture of experts,https://arxiv.org/abs/2610.09003v1,Algorithmic Scratchpads and Curriculum Staging for Arithmetic Reasoning in Tiny Transformers,"Autoregressive Large Language Models (LLMs) frequently struggle with deterministic multi-step algorithmic tasks such as multi-digit multiplication and long division. In this paper, we investigate the mechanics of multi-step arithmetic in compact ""Tiny"" Transformers (~10.6M non-embedding parameters, 49.3M total) trained on synthetic data across four basic operations (+, -, *, /) unrolled as step-by-step scratchpads. First, we establish the necessary training foundations: (1) dataloader sequence padding creates an 83% gradient starvation artifact that collapses accuracy from 40% to 1%, remediated via continuous sequence packing; (2) linguistic pretraining is an essential prerequisite (<= 2.0% without it); and (3) modern architectural primitives (RoPE, RMSNorm, SwiGLU) and Sparse Mixture of Experts (MoE) substantially improve additive reasoning over baseline GPT-2. Second, we demonstrate that algorithmic scratchpad formulation directly dictates success. Introducing a deterministic Digit-by-Digit Long Division scratchpad within a 4-stage Hierarchical Developmental Curriculum dramatically elevates single-digit division from 4.0% to 86.7% accuracy on a 4,000-problem held-out benchmark.…",AI inference serving and networking; HBM memory and context storage,,AMD; AMZN; ANET; AVGO; CRDO; CRWV; GOOG; MRVL; MSFT; MU; NBIS; NTAP; NVDA; ORCL; PSTG; SNDK; STX; WDC,,62,72,2026-10-08T16:25:45.888932+00:00
e77ba58567d2d218,2026-10-06,arxiv,arXiv: Mixture of experts,https://arxiv.org/abs/2610.08680v1,A Systematic Study of Small Language Models on Abstract Reasoning Tasks,"Endpoint accuracy on abstract-reasoning benchmarks does not reveal whether a language model has acquired a transferable rule or fit distribution-specific regularities. We study this distinction in small language models on the ARC-TGI benchmark, which organizes abstract grid transformations into controllable task families and supports resampling, spatial shifts, and cross-benchmark transfer. Across more than 1,000 runs, we profile decoder-only, encoder--decoder, and mixture-of-experts model families under supervised fine-tuning. We examine the efficiency and stability of skill acquisition, robustness beyond the training distribution, interactions with model family and task formulation, and layer-wise attention signatures that accompany behavioral differences. Substantial in-distribution accuracy is attainable, but acquisition is sensitive to optimization and unevenly distributed across task families. Performance deteriorates sharply outside the training distribution, including when the rule is retained but grid scale changes. Greater training-set depth and breadth yield uneven gains, while the effect of additional in-context examples depends on model family. Executable-rule inducti…",AI data center power and cooling; AI inference serving and networking,,AMD; AMZN; ANET; AVGO; BE; CAT; CEG; CRDO; CRWV; CVX; ETN; FLNC; GEV; GOOG; LNG; MRVL; MSFT; NBIS; NEE; NVDA; OKLO; ORCL; SMR; VRT,,62,72,2026-10-08T16:25:45.888932+00:00
3d9336f8feccd34e,2026-10-06,arxiv,arXiv: Speculative decoding,https://arxiv.org/abs/2610.09025v1,SPIN: Shadow Predictive Indexer for Sparse Attention,"Indexer-based sparse attention reduces the cost of core attention by passing only a fixed, small number of important tokens to it. However, the indexer must still score the entire KV cache at every decoding step. This scoring overhead becomes a major bottleneck as the context length grows. We propose SPIN (Shadow Predictive Indexer) to reduce this indexer overhead. SPIN uses lightweight, history-based prediction to identify important KV blocks, avoiding the need to score the full KV cache at every decoding step. SPIN treats KV blocks and speculative decoding as first-class design and implementation considerations. Across extensive evaluations on long-context and agentic benchmarks, SPIN achieves 30-40% sparsity while preserving task quality. In end-to-end vLLM serving, SPIN improves output throughput by up to 14.9% and reduces median inter-token latency by up to 13.2%.",AI inference serving and networking; HBM memory and context storage,,AMD; AMZN; ANET; AVGO; CRDO; CRWV; GOOG; MRVL; MSFT; MU; NBIS; NTAP; NVDA; ORCL; PSTG; SNDK; STX; WDC,,62,72,2026-10-08T16:25:45.888932+00:00
a792078c0192868a,2026-10-06,news,Google News: physical AI robotics world model,https://news.google.com/rss/articles/CBMijAFBVV95cUxNMEJqZ2o5Z3B2VnBpTXlHSEx5WksyMjl0eTg5WXlFUkFnMDY5cExqRFNlbnpZSVZwUy1nZ3RYSW0xeVRzT0N6cE9iYk1LUG8xRFg5c3JiVjhpT2dfVjc2N3BYeGpjS3M5Z0RzMVdIaS1ESlFjeUZMOUlQX0tjaDBRZnFGenN4c2syeHk0bw?oc=5,Nvidia backs startup Reactor as buzz grows for world models - Fortune,Nvidia backs startup Reactor as buzz grows for world models Fortune,Physical AI and robotics,NVDA,ISRG; NVDA; ROK; TER; TSLA,,61,67,2026-10-08T16:25:41.936136+00:00
2e28bf134347c85f,2026-10-06,news,Google News: physical AI robotics world model,https://news.google.com/rss/articles/CBMilAFBVV95cUxOR3RVaXdzR3VMSG02OWhESl9zbTdpWDZhXzdZWHhaTzQ5YjJicGw3UkY1ZXdNakNCdTVoZHc0NzNQS00tLVBUQzFYdHI3dnpTS1JzN2ZqME5vb3l3eW9Ya2JZaEtDYk1WTmNPQzNISUhzZkhVWExQY0tZdVllNDZGYVZ5WHhDY1ZEM2h0MlZnalF3WTFM?oc=5,Physical AI moves beyond traditional robotics - TechTarget,Physical AI moves beyond traditional robotics TechTarget,Physical AI and robotics,,ISRG; NVDA; ROK; TER; TSLA,,61,67,2026-10-08T16:25:41.936136+00:00
e01210c463a81f1d,2026-10-06,news,Google News: physical AI robotics world model,https://news.google.com/rss/articles/CBMijgFBVV95cUxQTDlkWS04Vk5RVS1JRVJoLWJRenVQbWgyMjFwRWZrWkhtWUZXTlN4VGhVVDdfSTYyOWhDU0M5bzhUVkJpenZlQldudzZ6Nl9VNmYxdTVQWXB1STZRYXQyRlFzNEtneTZtN0VnbU0tLWU5MzR0THlYUTlTN2tLOHhYVl9DXzZwQlB4NzFjX0x3?oc=5,The Physical World Is AI’s Next Bottleneck - 3D Printing Industry,The Physical World Is AI’s Next Bottleneck 3D Printing Industry,Physical AI and robotics,,ISRG; NVDA; ROK; TER; TSLA,,61,67,2026-10-08T16:25:41.936136+00:00
5a3c58f7e25279db,2026-10-06,news,Google News: physical AI robotics world model,https://news.google.com/rss/articles/CBMi1gFBVV95cUxQcGZPSmFpdWRsbW15UkdDUWpQekZQMURsSXdXa2VoZl9MLU5DYXg3cUo3YXhHekFjR3hiOWRZcnRabkxUT1FUTFdoNFVzbGpIcGVXdkNYSkZLUnFQX3hrcUdyUFlMRkpNQURKLTRIcFBDX1N0M0ExYWxlakMwRFlrWVRsRXhOd2Y3T1IyNjQ4X0tMOGVkNXl3bDBibXRJcTIxaU5yRVFYVlFCMmhULUNxWDdQd2FONmJ1S05aWWxrOC1PVExfQzhZLXdwMnkyVU5qWW9EZXJR?oc=5,Archetype AI Builds Momentum in Physical AI with Fast Company Recognition and Major Industry Speaking Engagements - Lelezard,Archetype AI Builds Momentum in Physical AI with Fast Company Recognition and Major Industry Speaking Engagements Lelezard,Physical AI and robotics,,ISRG; NVDA; ROK; TER; TSLA,,61,67,2026-10-08T16:25:41.936136+00:00
b1124735b5ad1f1c,2026-10-06,arxiv,arXiv: Long context and KV cache,https://arxiv.org/abs/2610.09193v1,"Bookkeeping, Composition, or Unreachable Gold? Reading MemoryAgentBench's Conflict-Resolution Scores Against a Frozen Last-Write Resolver","MemoryAgentBench's Conflict Resolution split is read as measuring ""selective forgetting"". We execute the benchmark's own rule - the newest statement about a fact wins - as a zero-learning resolver frozen on one of the four fact lists. Under the official metric the rule answers 80.25% of the questions (74.5% on the three held-out lists). Of the rest, 67 items have a released gold that the last-write graph cannot reach but overwritten statements would (""The capital of India is New Delhi."" superseded by ""The capital of India is Grosseto.""; gold New Delhi); such items are a third of the multi-hop questions at 262K. Two long-context models and our pre-registered approximate re-implementation of the benchmark's BM25 agent, one retained run per item and outcomes only, score 84.7%, 82.6% and 41.6% on the items the rule solves against 10.4%, 11.9% and 6.0% on those 67. The failures are a reachability split plus a small parser-scope residual; the per-item split, not the aggregate, is the unit at which a score here can be read.",HBM memory and context storage,,AMD; AMZN; BE; GOOG; MSFT; MU; NTAP; NVDA; ORCL; PSTG; SNDK; STX; WDC,,58,64,2026-10-08T16:25:45.888932+00:00
1eca67b847cdf379,2026-10-06,arxiv,arXiv: Long context and KV cache,https://arxiv.org/abs/2610.08463v1,UNREAL: Unifying Retrieval and Long-Context with a Single Model,"Long-context inference and Retrieval-Augmented Generation (RAG) handle evidence selection at vastly different scales, from a single long prompt to an entire corpus. We ask whether a single model-internal mechanism can select evidence across this range. We introduce UNifying REtrieval And Long-Context with a Single Model (UNREAL), a model-native evidence selection framework to span corpus retrieval and long-context inference. UNREAL encodes chunks and derives retrieval queries directly from the frozen LLM's internal representations. It adds fewer than 500K trainable parameters and leaves the backbone unchanged. On a 3B-token, 21M-chunk Wikipedia index, all four dense and hybrid UNREAL backbones outperform state-of-the-art retriever-reranker systems. The best model raises recall from 49.1% to 73.2% on HotpotQA, from 31.7% to 60.1% on 2WikiMultiHopQA, and from 8.8% to 14.4% on MuSiQue. Applied to long-context tasks, the same selection mechanism removes distractors before generation, raising NoLiMa accuracy from 1.0% to 24.83% at its maximum context length of 128K tokens, and LV-Eval's F1 score from 49.97% to 54.66% at 256K. UNREAL also reduces FLOPs and time-to-first-token relative t…",HBM memory and context storage,,AMD; AMZN; GOOG; MSFT; MU; NTAP; NVDA; ORCL; PSTG; SNDK; STX; WDC,,58,64,2026-10-08T16:25:45.888932+00:00
2053b20be5f0cd5f,2026-10-06,arxiv,arXiv: KV cache and inference memory,https://arxiv.org/abs/2610.07940v1,Hybrid Latent Attention for Looped Language Models,"Looped language models apply the same stack of layers T times to each token, which deepens the model without adding parameters but multiplies its key-value (KV) cache by T. The larger cache limits how many sequences a GPU can decode at once and slows each decoding step, which reads the whole cache. We propose Hybrid Latent Attention (HLA), which keeps exact keys and values within a sliding window of W recent tokens and stores each older token as a compact latent that the query of each loop reads directly, without reconstructing keys and values. We uptrain HLA on Ouro looped models (T=4) with 1.4B and 2.6B parameters, keeping the pretrained weights frozen and training only the added parameters to reproduce the original attention. The cache shrinks by 10.7x per token, fitting 4.0-8.8x as many concurrent sequences per GPU, and decoding throughput improves by 2.5x at 1K-token contexts and by up to 7.4x at 16K. HLA retains over 97% of the original accuracy on math, knowledge and reasoning benchmarks, and 96-100% on long-context retrieval up to 16K tokens. After supervised fine-tuning, it performs on par with the fine-tuned original model on competition-level math.",HBM memory and context storage,,AMD; MU; NTAP; NVDA; PSTG; SNDK; STX; WDC,,58,64,2026-10-08T16:25:45.888932+00:00
46b39029d5c05509,2026-10-06,arxiv,arXiv: KV cache and inference memory,https://arxiv.org/abs/2610.07782v1,"Persistent Memory in Multi-Agent LLM Inference: What It Costs, What It Buys, and When You Can Tell","Decomposing long-context inference across cooperating agents bounds the active KV cache per call rather than total evidence, which matters when KV-cache memory binds. Many such systems add a persistent tier storing and recalling reasoning traces, usually validated by an ablation reporting an accuracy gain. We measure both on one three-tier agent architecture. Decomposition delivers: peak KV working set of 14.3 MiB per query against 35.5 and 35.3 MiB for single-pass and retrieval-augmented baselines. The persistent tier does not: across eight controlled dataset pairs at n=100 per arm it costs +0.368 MiB [+0.167, +0.590] of peak cache and produces no detectable accuracy change (+0.015, 95% CI [-0.011, +0.046]). We argue the null is structural: single-question benchmarks supply each item with its own evidence and score it independently, and correctness requires resetting stored traces between conditions, so recall has nothing informative to retrieve. Reaching it took four measurement corrections -- three inflating the apparent benefit, the fourth making an effect that size look resolvable -- none visible in the results table. We give the conditions an agent-memory ablation must satis…",HBM memory and context storage,,AMD; MU; NTAP; NVDA; PSTG; SNDK; STX; WDC,,58,64,2026-10-08T16:25:45.888932+00:00
045d8acb2d4aee42,2026-10-06,arxiv,arXiv: KV cache and inference memory,https://arxiv.org/abs/2610.09202v1,"Few Bits, One Law: Toward W2A4KV2","Extreme low-bit LLM compression is most challenging when weights, activations, and KV caches are quantized together: their distributions differ, and quantization errors interact throughout the network. We introduce CanonQ, a unified quantization-aware training framework that addresses these challenges by separating source canonicalization from task-aware adaptation. Fixed rotations and energy normalization map heterogeneous tensor sources to canonical coordinates, enabling frozen Gaussian-reference codebooks to be reused across layers and models. Joint training then adapts the network to the coupled errors of weight, activation, and cache quantization within a common scalar/vector interface. We bound frozen-codebook transfer error and local task loss, and derive an exact normalization-aware straight-through Jacobian that links quantization distortion to gradient bias. The strongest gains arise under joint W2A4KV2 compression: across LLaMA3-1B/3B/8B, CanonQ-Omni achieves up to 14.28x lower WikiText-2 perplexity and up to 57.9% higher mean zero-shot accuracy than prior state-of-the-art and representative quantization baselines. The benefits extend to Qwen3-1.7B, code generation, and…",HBM memory and context storage,,AMD; BE; MU; NTAP; NVDA; PSTG; SNDK; STX; WDC,,58,64,2026-10-08T16:25:45.888932+00:00
e53e98fd7902a4bb,2026-10-06,arxiv,arXiv: KV cache and inference memory,https://arxiv.org/abs/2610.07863v1,ReFold: Training-Free Reversible Inter-Turn Context Folding for Long-Horizon Agents,"Long-horizon LLM agents act on an append-only interaction history that is re-sent to the model at every step, so the context and its cost grow with steps until the sessions exceed the context window. Existing methods manage the context through context requirement prediction, relying on additional model calls, heuristic rules, or trained policies. However, these predictive approaches introduce runtime overhead, invalidate prefix caches, and permanently discard content with no guarantee of recovery. To overcome these limitations, we introduce ReFold: a training-free rendering layer that preserves the underlying interaction history while compressing only the model's rendered context. It removes two kinds of inter-turn redundancy without an auxiliary predictor: content an earlier turn already displayed, replaced by a stub, and turns the agent itself reports finished, folded into a one-line note. Both operators use chunked rendering, rewriting the cached prefix once every few steps rather than at every step. Every removal is strictly reversible, a wrong removal costs one restore from the history rather than permanent content loss. Because it operates at the rendering layer, ReFold is p…",HBM memory and context storage,,AMD; MU; NTAP; NVDA; PSTG; SNDK; STX; WDC,,58,64,2026-10-08T16:25:45.888932+00:00
1e2535924309606a,2026-10-06,arxiv,arXiv: KV cache and inference memory,https://arxiv.org/abs/2610.07767v1,TRACE: Rollout-Guided Quantization-Aware Training for FP4 Reinforcement Learning of MoE Language Models,"Reinforcement learning (RL) for post-training large language models (LLMs) incurs substantial computation and memory overhead during rollout generation, which motivates low-precision rollout for efficient RL training. However, existing FP4 RL methods suffer from a key limitation: they primarily optimize quantization accuracy on the training and rollout paths independently rather than directly reducing the discrepancy between the two quantized execution paths. In this work, we propose TRACE (Train-Rollout Quantization Alignment via Compact GuidancE), an FP4 quantization framework for RL training of Mixture-of-Experts (MoE) language models that addresses the limitation of existing FP4 RL methods. TRACE incorporates rollout-guided quantization-aware training that uses rollout-side quantization outcomes to guide training-side FP4 rounding decisions, directly reducing train-rollout discrepancy. Moreover, TRACE adopts an efficient quantization-information caching scheme that selectively retains mantissa and scale information from deeper layers to reduce the storage and communication overhead introduced by rollout guidance. We evaluate TRACE on four large-scale MoE language models across…",HBM memory and context storage,,AMD; MU; NTAP; NVDA; PSTG; SNDK; STX; WDC,,58,64,2026-10-08T16:25:45.888932+00:00
5b498dc2e60478c8,2026-10-06,arxiv,arXiv: KV cache and inference memory,https://arxiv.org/abs/2610.07643v1,Monte Carlo Estimation for KV Cache Eviction,"Most KV-cache eviction methods ask, in effect, which memory appeared important while reading the prompt? We instead ask, which memory will matter while answering? Since decoding queries are unavailable at eviction time, prior future-aware methods rely on pseudo-responses or synthetic future-query estimates. We cast fixed-budget future-aware eviction as distributional estimation over plausible model-conditional query trajectories and introduce LORE-KV (Lookahead Output-perturbation with Reliability-weighted Ensembles for Key-Value caches), a training-free method that samples short autoregressive continuations from the frozen target model and uses their response-side query states to estimate prompt-token utility. Tokens are scored by projected leave-one-out attention-output deletion cost and aggregated across sampled futures with optional trajectory weighting. The temporary continuations are discarded before final decoding, requiring no auxiliary model or training. Ablations isolate the mechanism: at B=128, a single response-side continuation recovers about 89% of the gain over the prompt-window control, while additional futures provide smaller improvements. At B=128, LORE-KV raises…",HBM memory and context storage,,AMD; MU; NTAP; NVDA; PSTG; SNDK; STX; WDC,,58,64,2026-10-08T16:25:45.888932+00:00
600ad3065457a4ce,2026-10-06,arxiv,arXiv: Mixture of experts,https://arxiv.org/abs/2610.09212v1,CurveTQ: Rotation-Free Trellis Quantization of LLM Weights via Curvature-Weighted Search,"The best two-bit weight quantizers for large language models, such as QTIP and Proteus, rotate each weight matrix by a random orthogonal transform, which must be undone at every decoding step, then encode it with a trellis or lattice code under a Euclidean search; the layer Hessian enters only through error feedback between coding blocks. We show that this leaves part of the Hessian unused. Error feedback turns the loss into a weighted sum of per-coordinate rounding errors whose weights, the diagonal of the Hessian's LDL factorization, existing quantizers compute but never read. We put these weights into the Viterbi branch metric, so the search follows the curvature within each coding block. This also explains the rotation: it removes this within-block variation, so weighting in the native basis and rotating are substitutes. On three models the weighted native search matches a full-dimension randomized Hadamard to within about one point of downstream accuracy, and weighting after the rotation gains little. Around this search we build CurveTQ, a trellis codec with no rotation, which handles the weights' amplitude and marginal shape with a factored scale field and a closed-form quan…",AI inference serving and networking,,AMD; AMZN; ANET; AVGO; BE; CRDO; CRWV; GOOG; MRVL; MSFT; NBIS; NVDA; ORCL,,58,64,2026-10-08T16:25:45.888932+00:00
95861938364a7253,2026-10-06,arxiv,arXiv: Mixture of experts,https://arxiv.org/abs/2610.09179v1,LayerRoPE: Dynamic Depth-wise Magnitude & Angular Superposition,"As data propagates through a Transformer, the norm of its hidden states grows by orders of magnitude with depth, a phenomenon framed as 'curse of depth' and nearly universally treated as a pathology to be suppressed. We take the opposite view. Across 16 pre-trained LLMs from 9 families, spanning dense, mixture-of-experts and hybrid architectures and Pre-, Peri- and Post-Norm designs, we find that this growth reflects an emergent depth-positional encoding, carried by the only learned per-layer gain on the residual stream, the normalization weight $γ$: with depth, $γ$ grows in magnitude and rotates in direction, jointly encoding the layer index. We make this depth-conditioned encoding explicit with LayerRoPE, an implicit analog of RoPE along the depth axis, which replaces all layerwise $γ$ vectors with a single shared vector and depth-conditioned scalars, at a net reduction in parameters and $<0.02\%$ change in FLOPs. Across a model ladder scaled up to $100$B+ tokens, LayerRoPE consistently outperforms Pre-, Post- and Peri-Norm and Layer-Norm Scaling, reaching Pre-Norm's 1.3B loss with $3.4\times$ less compute; LayerRoPE is the only approach that shows strong convergence and improve…",AI inference serving and networking,,AMD; AMZN; ANET; AVGO; BE; CRDO; CRWV; GOOG; MRVL; MSFT; NBIS; NVDA; ORCL,,58,64,2026-10-08T16:25:45.888932+00:00
10eb8200aa494572,2026-10-06,arxiv,arXiv: Mixture of experts,https://arxiv.org/abs/2610.08173v1,Beyond the Leaderboard: Multi-Dimensional Evaluation of Dense and Mixture-of-Experts Models for Automated Program Repair,"Automated Program Repair (APR) with language models is usually evaluated by whether a generated patch passes the test suite, which can hide differences in maintainability, security, and computational cost. We propose a Weighted Quality Index (QI), inspired by the ISO/IEC 25010 software quality model, that combines functional correctness, maintainability, security, and generation efficiency under configurable weighting schemes. We evaluate three dense Qwen2.5-Coder models (3B, 7B, 14B) and the 16B-parameter DeepSeek-Coder-V2-Lite Mixture-of-Experts (MoE) model (2.4B active parameters) on 40 QuixBugs and 90 Defects4J bugs, all run locally on identical hardware to control for infrastructure effects. Model rankings change with the weighting scheme, showing that single-metric evaluation can hide trade-offs. The MoE model shows almost no statistically significant difference in correctness from the 7B and 14B dense models (McNemar's exact test) while using 3-6 times fewer active parameters, whereas correctness increases significantly across the three dense scales. These results suggest that active parameter count can be a more informative lens than total parameter count for sparse code m…",AI inference serving and networking,,AMD; AMZN; ANET; AVGO; BE; CRDO; CRWV; GOOG; LITE; MRVL; MSFT; NBIS; NVDA; ORCL,,58,64,2026-10-08T16:25:45.888932+00:00
e50d81dec2963e03,2026-10-06,arxiv,arXiv: Mixture of experts,https://arxiv.org/abs/2610.07809v1,MASKerade: Token-Routed Mask Experts for Dense-to-MoE Upcycling,"Sparsely activated Mixture-of-Experts (MoE) models increase model capacity without a proportional increase in per-token computation. Dense-to-MoE upcycling reuses pretrained dense models to construct such systems, commonly by copying feed-forward networks (FFNs) into independently trained experts. We introduce MASKerade, a dense-to-MoE training method that instead learns experts as sparse subnetworks of a frozen pretrained FFN. Each expert is defined by a learned binary mask, and a token-level router selects which masked FFNs to execute and combine. The router and mask scores are optimized jointly, while the underlying FFN weight values remain unchanged. This formulation supports neuron-structured, semi-structured, and unstructured experts within the same routing architecture. Our main configuration uses four 2:4 experts with top-2 routing, where two half-dense expert passes have the nominal FFN arithmetic of one dense pass, without requiring independent expert weight matrices. On five vision-language benchmarks with Qwen and Gemma backbones, this configuration achieves the highest performance among the compared baselines. Comparisons across mask granularities, routing interventio…",AI inference serving and networking,,AMD; AMZN; ANET; AVGO; CRDO; CRWV; GOOG; MRVL; MSFT; NBIS; NVDA; ORCL,,58,64,2026-10-08T16:25:45.888932+00:00
1bef8350467f22ff,2026-10-06,arxiv,arXiv: Speculative decoding,https://arxiv.org/abs/2610.08678v1,Secure Speculative Decoding for Large Language Models,"Speculative decoding accelerates inference for a large language model (LLM), referred to as the \emph{target model}, by first using a smaller model, referred to as the \emph{draft model}, to generate candidate tokens and then verifying them with the target model for acceptance or rejection. Prior studies primarily focused on the efficiency-utility trade-off of speculative decoding, e.g., lossy speculative decoding, leaving its security implications largely unexplored. In this work, we bridge this gap by providing the \emph{first} systematic study of the security implications of speculative decoding. Through a large-scale measurement study, we reveal a pronounced security-utility asymmetry: across a wide range of lossy speculative decoding methods, improvements in inference efficiency come at a disproportionately high cost to security, with attack success rates for jailbreak and prompt injection attacks increasing much faster than utility degrades. We then propose SecureSD, a new theory-guided speculative decoding method that enhances security while maintaining efficiency and utility. Specifically, our theoretical analysis reveals that security degradation primarily originates from…",AI inference serving and networking,,AMD; AMZN; ANET; AVGO; CRDO; CRWV; GOOG; MRVL; MSFT; NBIS; NVDA; ORCL,,58,64,2026-10-08T16:25:45.888932+00:00
3e9c234f0c1776e5,2026-10-06,arxiv,arXiv: Speculative decoding,https://arxiv.org/abs/2610.07780v1,"APEX: Speculate smarter, not deeper","Speculative decoding reduces large language model inference latency by drafting multiple tokens before target-model verification, but its effectiveness depends on both the proposal mechanism and draft depth. Fixed configurations cannot respond to changes in predictability, repetition, and acceptance during generation, so deeper drafting can increase wasted computation without proportional speedup. We introduce APEX, a learned controller that balances decoding speed and draft-token waste through request-level expert selection and block-level depth adaptation. APEX-Router selects among EAGLE-3, n-gram, and draft-model speculation for each request, while APEX-Depth adjusts draft length at each verification block using causal decoding signals and recent verifier feedback. APEX models accepted draft length as censored survival feedback, learning position-wise rejection hazards, block execution costs, and an action utility that balances throughput, accepted progress, and wasted tokens. This allows the controller to adapt speculation while retaining the target model's verification procedure. We integrate APEX into vLLM and evaluate it with Qwen3-8B across six workloads, achieving up to 5…",AI inference serving and networking,,AMD; AMZN; ANET; AVGO; CRDO; CRWV; GOOG; MRVL; MSFT; NBIS; NVDA; ORCL,,58,64,2026-10-08T16:25:45.888932+00:00
888285906f825287,2026-10-05,news,Google News: US domestic semiconductor supply chain advanced packaging materials equipment,https://news.google.com/rss/articles/CBMi3AFBVV95cUxQQ2daaVBFUUxzSjhlb19OcjZNeU5SREp4ZmhBemNXNFRWRG43SzRCZkdxazlxamNvNGJGTndPM3Y1UVY0a2UzMW9ybjBTTkwwVTAtdFNEbFo4bzdRaVRuVzNxRkJhaHNlM2lVYk1XelVxRDVRWkFzQ2N3ME12TzZrZEc5bG0wTkVBT21vRlAxUmVsWXVsbFVPOUJRM2o1M1VMWFFmc0lVdkZKemJlNlp2bFlWWWlUVjlrcWM3RWVoaDVPU2ctM3VJSUdfaFRVRU4tWkUtLXNzM0dmT3ky?oc=5,Semiconductor Vacuum Feedthroughs Market To 2035: Advanced Node and Packaging Demand Drives Growth - News and Statistics - IndexBox,Semiconductor Vacuum Feedthroughs Market To 2035: Advanced Node and Packaging Demand Drives Growth - News and Statistics IndexBox,AI PCB and advanced packaging; Semiconductor equipment and manufacturing; Semiconductor materials and consumables,,AMAT; AMKR; ANET; ASML; AVGO; DELL; ENTG; INTC; KLAC; LRCX; MRVL; NVDA; Q; TSM; VECO,,72,86,2026-10-08T16:25:41.936136+00:00
812e96a1a6ea0965,2026-10-05,news,Google News: US domestic semiconductor supply chain advanced packaging materials equipment,https://news.google.com/rss/articles/CBMi9AFBVV95cUxQTW1vb0YzUmZNajk1VXNPYmhDUHJXX25feVotbFNaejd6eEwyMmp5QTdXXzNKQ0J2SzZrS1IySlJrZXJyejFNMVdDalpCWWlIc2dJMVVfbXBHNzlzMjlKMUdFYWNhYkMwZHdPQUM1UWlMNVlVVF96bjdjSjFHdjVMUUllQ2tsYVVXX05xRW1EOE40MzNLUHc2LW0wc2NRVk9UUkp3cDlra0liQ18taDlSeUpvTkFkTUhubHN3ZTRiRno4OHVSc3FraE1WWFowLTZrWDhvLUIxaDV0RWVSU1RlVW1GMGhkeTJMR05sRmhITWJINGU0?oc=5,Fluid Dispensing Equipment Semiconductors Electronics Market To 2035: Advanced Packaging Demand Accelerates - News and Statistics - IndexBox,Fluid Dispensing Equipment Semiconductors Electronics Market To 2035: Advanced Packaging Demand Accelerates - News and Statistics IndexBox,AI PCB and advanced packaging; Semiconductor materials and consumables,,AMAT; AMD; AMKR; ANET; ASML; AVGO; DELL; ENTG; INTC; KLAC; LRCX; MRVL; NVDA; Q; TSM,,68,78,2026-10-08T16:25:41.936136+00:00
6477a68885918223,2026-10-05,news,Google News: Vera Rubin AI factory NVIDIA,https://news.google.com/rss/articles/CBMiygFBVV95cUxNdnBaZUdQRGs1TG16WW9BZFFyVlVDUWlWSlJpNm9WZFBvOW5iR240UXJKbVhVYnJOTkRkZjhHTlB3SmtaS3hRWmtiVXY5alpYSF9hM0pzMElMNy1NTU1Eb0M1UV8tdVRHZGpOVGR3bDRqVzZGZ192OGY2Q2U3LVFEMExjWWh4MEMySmZibTRTQjQyODNvVUJVM19hdlYzUEdibGlhRzRzc3JsUWFqNDRxVklIWE80LW9ZTjE5X3ZFcjRqZVEtdFJwNzBB?oc=5,AM Intelligence Expands NVIDIA Vera Rubin AI Factory Buildout in India and Malaysia - Lelezard,AM Intelligence Expands NVIDIA Vera Rubin AI Factory Buildout in India and Malaysia Lelezard,Rack-scale AI factory,INTC; NVDA,ANET; CRDO; DELL; ETN; HPE; INTC; MRVL; NVDA; SMCI; VRT,,64,70,2026-10-08T16:25:41.936136+00:00
e3a1c342cebae349,2026-10-05,news,Google News: Vera Rubin AI factory NVIDIA,https://news.google.com/rss/articles/CBMivgFBVV95cUxPOVBkVVlrMUxEeDlJUmJhbmU2ZmxFLUtBSmROWE5SNEEyanVTZUZDVVZjcEtYYmY4WFFxaEhGbldzN2ZEZHNReDFmV2NYcUp1ZUZhV0NzN2Z1QmFnUkdSUGlVRm5YOUt2Zk5YYlFWSlpEX2t3UHhoN3NxbFNnUFkxdFM2NG9yT2x1a015ak5LbzFLM1NfVms4Y3FhVVdUd3ZUSVlIYVo4VTFmdUN4RlZfWElmSlRNSlFsZVJ4WVhB?oc=5,AM Intelligence expands NVIDIA Vera Rubin AI buildout - KARV Tech Insider,AM Intelligence expands NVIDIA Vera Rubin AI buildout KARV Tech Insider,Rack-scale AI factory,INTC; NVDA,ANET; CRDO; DELL; ETN; HPE; INTC; MRVL; NVDA; SMCI; VRT,,64,70,2026-10-08T16:25:41.936136+00:00
aa0982c7bddbc37f,2026-10-05,news,Google News: Vera Rubin AI factory NVIDIA,https://news.google.com/rss/articles/CBMigwJBVV95cUxPeGZNcGZMRC12Tm1aRVdlM0RGLWd1dDJhWnRJTk1aX09pcFE4a2Fob0pieVF1VGF6LUNJVDVHRjlOTlpUSDAtQVJ1WVhTVV9iT0FpYnI4ak5lWjZ6alltekFnUS1XZlRwWGVla1lVQmc0SWZsLWp0dDF4ZUpKN3oteWJ2bmFOZGhmdzdrWnJqYm50b1hEb05tWGEtLUw0c09DWUJUeVBGTk5Obzg2cHRPYmZWbEVjZVBLaktDS2wyd0QwaGdiOXJ3bl9CdGdKZ21jZ0oxX2xJY25nTmQ4b1F3MW5GYWNDUHNmdDNyTmtYZDJYUHJRMjYxTFM1VWFJTnhhUTBv0gGIAkFVX3lxTE5vbnZGeEpvRERfb2hkTVpTcF9UMVVqN2NRRmYtS01jVzRKeHRqZmUxOE9taTBydjR2dHZoVDFWekpkbS1nWnRoZ2pjVV9NWT…,"AM Intelligence orders another 20,000 NVIDIA Rubin GPUs for India, Malaysia AI factories expansion - The Times of India","AM Intelligence orders another 20,000 NVIDIA Rubin GPUs for India, Malaysia AI factories expansion The Times of India",Rack-scale AI factory,INTC; NVDA,ANET; CRDO; DELL; ETN; HPE; INTC; MRVL; NVDA; SMCI; VRT,,64,70,2026-10-08T16:25:41.936136+00:00
df9c65d05e012ce4,2026-10-05,news,Google News: Vera Rubin AI factory NVIDIA,https://news.google.com/rss/articles/CBMimgFBVV95cUxNYkFJTm1laUtZbDdoSkU0RTFZOVQ2UVROQmJPM2lYenAzZUJqdGxkQ3djRGpPR0hVZmFWQTB2NWNfTkhrM0JmZVZ5aGZyZmZ3UVBXUnVzek10RVlGYVJkb1NJZE5PMDVKYnY3XzhKU1FmR1oxd0tmWS1NcGtrOWlSLUV0emtPQm45cTVFY2Mtb2xEcFhJTEtnU2V30gGaAUFVX3lxTE1iQUlObWVpS1lsN2hKRTRFMVk5VDZRVE5CYk8zaVh6cDNlQmp0bGRDd2NEak9HSFVmYVZBMHY1Y19OSGszQmZlVnloZnJmZndRUFdSdXN6TXRFWUZhUmRvU0lkTk8wNUpidjdfOEpTUWZHWjF3S2ZZLU1wa2s5aVItRXR6a09CbjlxNUVjYy1vbERwWElMS2dTZXc?oc=5,AM Intelligence Expands NVIDIA Vera Rubin AI Factory Buildout In India And Malaysia - CIOL,AM Intelligence Expands NVIDIA Vera Rubin AI Factory Buildout In India And Malaysia CIOL,Rack-scale AI factory,INTC; NVDA,ANET; CRDO; DELL; ETN; HPE; INTC; MRVL; NVDA; SMCI; VRT,,64,70,2026-10-08T16:25:41.936136+00:00
d1977b5b08897b54,2026-10-05,news,Google News: Vera Rubin AI factory NVIDIA,https://news.google.com/rss/articles/CBMi0wFBVV95cUxOU1lwcmxEMktnUTZlaW03aHR0VUtoY2hwOWd5R3RLZGlGR3ZDN0RZYjlYNlVJeFYzdWZfTDZJVElGUGhZeEZFMTI4RmV4cFRkcE5ldkt0bGRDb21OM0M1aWdUeU03S2VHQ0I0ZTB4blNrRHAwWGdCc04xQjd2TDFMMUxPdHVsQ09BeGpEZktIYlB4bGd2a3dhcW9BbElDZmQ3cVdrNjl0VmVTV1pJWjZjVzNNbjQtcEtxX3p3S2JBUzhoSzVHdW5NUzF0a2Q4bkt1YWc00gHaAUFVX3lxTE9rSG9EU1MwQkxZMk5uYWNteFlqenRwRjZjaGw0X3ExbXRGTjEyRFRBeURRMHNpeFZNbmZHWVNPampxdFloNGFNQkhPcnYyZ3FDSGJPTkZ6UDFPaVdJMlhTZ3Zta0hLN2RTLUlnZ0dfektfcU5SUWhJYi1KanJfQU…,"AM Intelligence orders 20,000 more NVIDIA Rubin GPUs for India, Malaysia AI factories - The Hindu","AM Intelligence orders 20,000 more NVIDIA Rubin GPUs for India, Malaysia AI factories The Hindu",Rack-scale AI factory,INTC; NVDA,ANET; CRDO; DELL; ETN; HPE; INTC; MRVL; NVDA; SMCI; VRT,,64,70,2026-10-08T16:25:41.936136+00:00
b7bfa01a133c6133,2026-10-05,news,Google News: AI data center liquid cooling power,https://news.google.com/rss/articles/CBMipwFBVV95cUxPLUcxWkI2WDhOV1RGUll3dG0xSlZldHJYaTJ5ZG5KZUZQdjN1RWJGcDlKbTJkZlFVWmdRZlp3NU5yUXdScHdjUDdKcjBnZ1BSVl9wT2NDSDZhSGZmVmhFZk9IbHl5SUdQdF9VMjkyZGJ5SnE0WWk0TzJRT1hic3Q0YlFuZWFaYklqSVdtU2ZNc2U1ZElQdEJKOUVBTlQ3SDBRMkNHS2Z0QQ?oc=5,The True Cost of Liquid Cooling and How to Unlock Better ROI - DataCenterKnowledge,The True Cost of Liquid Cooling and How to Unlock Better ROI DataCenterKnowledge,AI data center power and cooling,,BE; CAT; CEG; CVX; DELL; ETN; FLNC; GEV; LNG; NEE; OKLO; SMCI; SMR; VRT,,64,70,2026-10-08T16:25:41.936136+00:00
d7003f86e14c51fd,2026-10-05,news,Google News: AI data center liquid cooling power,https://news.google.com/rss/articles/CBMimAFBVV95cUxNNlBCdkxILU5jVnJfQldoQUhLMWI0TzF1ZW9zUVdxVDQ5czlTXzVfbzlkVnh5aS1iZzQxdV9kNE5ySjRRekprNjQ2bmJZNEsyQ3N6X1NFWVlxbC1GZ2xMaE9Rd055M0prQTQtWWtWMHNOOXZPc3pic0d4MFR0MEFMZ0tscm80UDhaaF9wLWVELW5EMFo0NlhUUg?oc=5,Powering AI-ready data centers with N9000 support for ORv3 - Cisco Blogs,Powering AI-ready data centers with N9000 support for ORv3 Cisco Blogs,AI data center power and cooling,,BE; CAT; CEG; CVX; ETN; FLNC; GEV; LNG; NEE; OKLO; SMR; VRT,,64,70,2026-10-08T16:25:41.936136+00:00
caddba81935d1821,2026-10-05,news,Google News: AI data center liquid cooling power,https://news.google.com/rss/articles/CBMiwwFBVV95cUxQdW91M2RFM3U0M0RIMXRrVmFCZHp4NmJyWXNFQjJjNzZlTkdaRDhxdmZGVkFpc1NRSWVzbm5rNFB4aXVlbmtacHFwNEk2b0ZzM0tQTHVaazFFVVA1NkdxeG5qWWFUSzZEVHVNMU4zaUV5MlR4Tkk0T1pLMlhSS2wtd1Y4RDB1QV9CeU96MHBDZExUZ1M0cnVUTEVBUVRabWVyWWJPS1JBRmhNZmNPOC1QeWFXczh4Smo1UnIzMWxkMjY3WTA?oc=5,LG lands multibillion dollar deal to cool North American AI data centers - Korea JoongAng Daily,LG lands multibillion dollar deal to cool North American AI data centers Korea JoongAng Daily,AI data center power and cooling,,BE; CAT; CEG; CVX; ETN; FLNC; GEV; LNG; NEE; OKLO; SMR; VRT,,64,70,2026-10-08T16:25:41.936136+00:00
f44f01a283b8b21e,2026-10-05,news,Google News: co-packaged optics AI data center CPO,https://news.google.com/rss/articles/CBMiY0FVX3lxTFBSbFhTa0RtWGJ5NWVGSWJhMUFfNzlBemN4QUlHaWZOVmVkQVJ3TDJDdE1aQ3BWc1did3VKTmNXUXo5R21JMnM0enpTR1ZPcjNBdzlsTmpzSHhQdzJoeTBVSVNiRQ?oc=5,🧩 Gen 2 Platform: Another Leap in Performance - Simple Tech and Trend,🧩 Gen 2 Platform: Another Leap in Performance Simple Tech and Trend,CPO and optical interconnect,,ANET; CIEN; COHR; CRDO; FN; GLW; LITE; MRVL; NVDA,,64,70,2026-10-08T16:25:41.936136+00:00
489b2d2291f58487,2026-10-05,news,Google News: co-packaged optics AI data center CPO,https://news.google.com/rss/articles/CBMifkFVX3lxTE9xNUJFbVpKX3FaVXJ3dDl6bWJ5VnFHZERrN1E0NE90V2J0U0duNl9zTG1FSWhIaFI3S2dnck0zQkp6WVlCX1JBbVo1OXFnSmo5b3M0cjExMkpsWXI2VS1wZzluRGNnVkc0eUF6Z25fcnpTSmVZSktWeVhtREs5UQ?oc=5,"JEDEC Publishes JESD264, First Industry-Wide Reliability Standard for Silicon Photonics in AI Data Centers - XenoSpectrum","JEDEC Publishes JESD264, First Industry-Wide Reliability Standard for Silicon Photonics in AI Data Centers XenoSpectrum",CPO and optical interconnect,,ANET; CIEN; COHR; CRDO; FN; GLW; LITE; MRVL; NVDA,,64,70,2026-10-08T16:25:41.936136+00:00
70157a95ee69bc74,2026-10-05,news,Google News: co-packaged optics AI data center CPO,https://news.google.com/rss/articles/CBMivgFBVV95cUxNcTdIZ2pSWXhEUGUxVUw2ZVAzNWZZeXFvMW5VVU5WNXBQY1h2TEFfcUJmWXRIRUFmNnVHUi1OTXRKUjJsVmN5czRDU2tvc0QzODJFZk1kUE9DcUJ2dWM4YlQ4UGVfa3BnTFdDRTRSdG5yMmVQYWx1bWpkb3E4QWZuTmQ2enJxZ0lLNTRLQ0JoUTZaQ2xjMGw3QTFyZlBSVjE2c25hMFRDWmtIeGlPalM1cy15ZGl3TG1SekRlWkNR?oc=5,Can Surging InP Demand Strengthen AXT's Long-Term Growth Potential? - TradingView,Can Surging InP Demand Strengthen AXT's Long-Term Growth Potential? TradingView,CPO and optical interconnect,,ANET; CIEN; COHR; CRDO; FN; GLW; LITE; MRVL; NVDA,,64,70,2026-10-08T16:25:41.936136+00:00
2cdaa7e71505b657,2026-10-05,news,Google News: HBM AI server storage memory bandwidth,https://news.google.com/rss/articles/CBMitgFBVV95cUxPRlBGaTZfcWE5MldXRGdNekRLWklybHpjRnByWmhJSVhTdzhKbXI2MDBlNDBzdU1yRkhRSkVaQVpzRG1iYlBpdzN4Z3B4Umd1YjJKQTNtWkk2N0FPV3pyMHpuZUtQWjlKbWJRcm1pd0FpdnVhdG5vOTRWSVJ6eVNfZ0lrSVA0Y3hoMFNsalJnamlEZnBHX0x5a3d6bUlfSnlPaDZWMUJIWF9aMmZSb2FUdy02dDJ1Zw?oc=5,Almost half a trillion dollars sucked up by memory industry - Blocks & Files,Almost half a trillion dollars sucked up by memory industry Blocks & Files,HBM memory and context storage,,AMD; MU; NTAP; NVDA; PSTG; SNDK; STX; WDC,,64,70,2026-10-08T16:25:41.936136+00:00
9e0d89c737e15d5c,2026-10-05,news,Google News: HBM AI server storage memory bandwidth,https://news.google.com/rss/articles/CBMiwgFBVV95cUxNb2l6VlJubm1teWI3RlFGWm9fZ0g0dDJFVWhtMUJaaHkySzF4NnQxMW5ScllzSGNlMFR2dUZPYUhFeUNVVndpNU82c2dRVTB2S1BoRTVwV1pIekRJWENUNFBYbDVQVjV5Yk9GYUhxdTNuVkNUVXNtREZ4ck5mN0laTlBUbDlUQkxhSjhNMTFNcE5TWjdVWkIwekZKTXI2d3ExUU1XZnFraF9ncWlnQnJfeDJxZzJnRGhUQXhrVFJzdzUwdw?oc=5,"Micron vs. SanDisk: As AI Data Center Boom Continues to Heat Up, Which Memory Stock Is a Better Buy? - TradingKey","Micron vs. SanDisk: As AI Data Center Boom Continues to Heat Up, Which Memory Stock Is a Better Buy? TradingKey",HBM memory and context storage,SNDK,AMD; MU; NTAP; NVDA; PSTG; SNDK; STX; WDC,,64,70,2026-10-08T16:25:41.936136+00:00
223629e7370f4d03,2026-10-05,news,Google News: US domestic semiconductor supply chain advanced packaging materials equipment,https://news.google.com/rss/articles/CBMigAFBVV95cUxPNVNDdXNQbVZ5emlOQzZkV3dDSkw1WWN6Vkw5YWU0Q1FLc2pwcUotbURRMnpTYnh1ZHlSTWJ2MmZFaDY2S204MDlkWFFBdXkyYktYRnY5YWdtazlFa0cyVGN4RC1IYUFWRE9MNzFYa3Z3VVJjeTROSXU2Z1NCTFY5Sw?oc=5,Infineon Leads the Quiet Migration of Power Semiconductors - semivision,Infineon Leads the Quiet Migration of Power Semiconductors semivision,Semiconductor materials and consumables,,AMAT; AMD; AMKR; ASML; ENTG; INTC; KLAC; LRCX; NVDA; Q; TSM,,64,70,2026-10-08T16:25:41.936136+00:00
afaaed34661ead7c,2026-10-05,news,Google News: US domestic semiconductor supply chain advanced packaging materials equipment,https://news.google.com/rss/articles/CBMivwFBVV95cUxONzlFUWJXNi1IZEdnY1djaDg4STB3cVFDS05lS3pqQjg3bmE3NGFnN3VHU3dBREVwRFVHcnh1QmZKR0k5ZnlhbDJtTmt1Ml9JQnQ5UE1TbXV3bUVBMVJFYVlBRGJMYU95OVBjakFmTFh1T3VNVnE1dkUzc2wtZllySmVOUGc2cW1jamtOUU45cGxZbGNubHNNQ0lVTzYzdzNIN1VLREt1a09SVmVNSkNxOUs0V0NRcGI3RGdhR3Y5MA?oc=5,Semiconductor Bonding Market To 2035: Heterogeneous Integration Demand Drives Growth - News and Statistics - IndexBox,Semiconductor Bonding Market To 2035: Heterogeneous Integration Demand Drives Growth - News and Statistics IndexBox,Semiconductor materials and consumables,,AMAT; ENTG; INTC; LRCX; Q; TSM,,62,70,2026-10-08T16:25:41.936136+00:00
9542b3851c02f860,2026-10-05,arxiv,arXiv: Long context and KV cache,https://arxiv.org/abs/2610.06750v1,Balancing Memory Pathways: Analyzing and Improving Memory Utilization in Hybrid LMs,"Recurrent-attention hybrid language models (LMs), which interleave attention and recurrent layers, are increasingly used to combine the efficiency of the recurrent layers with the strong performance of attention layers. Prior work suggests that attention and recurrent layers offer complementary pathways to use past information: attention supports precise memory recall from earlier tokens, while recurrent layers support consolidation of disparate information over long contexts. However, we observe that simply having access to both pathways does not mean that hybrid LMs are effectively using them. We find that they rely substantially more on attention than on the recurrent state. Standard supervised fine-tuning improves overall performance but does not improve how the two memory pathways are coordinated: the model becomes more reliant on information propagated by attention layers, while its use of information propagated by recurrent layers remains limited. To encourage better coordination between the two memory pathways, we add an auxiliary loss that limits attention's access to earlier context while the recurrent state propagates through the full sequence. This objective encourages…",HBM memory and context storage,,AMD; AMZN; GOOG; MSFT; MU; NTAP; NVDA; ORCL; PSTG; SNDK; STX; WDC,,58,64,2026-10-08T16:25:45.888932+00:00
24bf258f2645932d,2026-10-05,arxiv,arXiv: KV cache and inference memory,https://arxiv.org/abs/2610.06479v1,Behavior-Preserving KV Cache Compression,"KV caches are a major bottleneck in long-context inference and long-form generation with large language models. Existing training-free eviction policies largely rely on proxy importance signals, such as attention mass, to decide which past tokens to retain. We argue that cache compression should instead preserve the predictive behavior of the full-cache model, retaining entries whose removal would substantially change the model's output distribution. We propose Behavior-Preserving KV Cache Compression, a training-free framework that scores candidate evictions by estimating the compressed-cache logits induced by their removal and evaluating the resulting KL to the full-cache next-token distribution. Using pre-eviction forward statistics, the method avoids running separate masked forward passes for each candidate. Across diverse architectures and both prefill-time and generation-time compression, our method delivers substantial gains in downstream task quality over lightweight attention-based heuristics at matched retained-KV budgets, with the largest gains under aggressive compression. It achieves these gains with additional compression-time computation while retaining an end-to-en…",HBM memory and context storage,,AMD; MU; NTAP; NVDA; PSTG; SNDK; STX; WDC,,58,64,2026-10-08T16:25:45.888932+00:00
109992c9176207bd,2026-10-05,arxiv,arXiv: Long context and KV cache,https://arxiv.org/abs/2610.06286v1,DeferKV: Rethinking Eviction Timing for One-Shot KV Cache Compression,"Long-context large language models (LLMs) have demonstrated strong capabilities across a wide range of tasks, but the growing KV cache introduces substantial memory and inference overhead. Existing one-shot KV cache compression methods typically commit to irreversible eviction immediately after prefill, before any signal from actual generation becomes available. Our quantitative analysis shows that early queries from the actual generation stage provide attention signals that are more consistent with subsequent decode attention, with the largest single-step gain occurring at the prefill-decode boundary. Based on this observation, we propose DeferKV, which moves the eviction decision from the end of prefill to the first real decoding step and temporally combines prompt-side and decode-side observations, thereby better aligning KV importance estimation with subsequent generation requirements. DeferKV requires no additional training, draft model, or future-query prediction module, making it simple and easy to deploy. Experiments on LongBench, RULER, and Needle-in-a-Haystack demonstrate that DeferKV consistently improves model performance under KV cache compression while maintaining lo…",HBM memory and context storage,,AMD; AMZN; GOOG; MSFT; MU; NTAP; NVDA; ORCL; PSTG; SNDK; STX; WDC,,58,64,2026-10-08T16:25:45.888932+00:00
0e6a9fde3549d7af,2026-10-05,arxiv,arXiv: Speculative decoding,https://arxiv.org/abs/2610.06671v1,Learning What to Imitate: Entropy-Aware Distribution Mixing,"Small language models are often post-trained as students on reasoning traces from stronger teacher models to efficiently learn new skills. However, token-level imitation on traces that lie far outside the student's expected distribution often produces \textit{confident conflicts}, whereby the student is required to imitate a continuation that it deems unlikely (i.e., low-probability) despite being confident in a different continuation (i.e., in a low-entropy state). To mitigate the degradation in generalisation and catastrophic forgetting caused by these conflicts, we propose \textbf{Entropy-Aware Mixing}: a dynamic per-token interpolation of the student and teacher distributions, gated by the student's predictive entropy. We implement both convex and geometric interpolations for both offline trace generation (via speculative decoding, then SFT) and on-policy forward-KL distillation. Our results show that entropy-aware mixing stabilises distillation, improving in-distribution and out-of-distribution math reasoning while better preserving general capabilities than fixed-teacher supervision. Nonetheless, the optimal entropy schedule depends on the training source, with offline-gener…",AI inference serving and networking,,AMD; AMZN; ANET; AVGO; CRDO; CRWV; GOOG; MRVL; MSFT; NBIS; NVDA; ORCL,,58,64,2026-10-08T16:25:45.888932+00:00
2dce584d041997c1,2026-10-05,arxiv,arXiv: Speculative decoding,https://arxiv.org/abs/2610.07086v1,SchemaFill: Efficient LLM Tool Calling via Slot-Parallel Speculative Decoding,"LLM agents interact with external systems by generating structured tool calls. Given a user request, conversational context, and a catalog of tool schemas, a tool-calling model must select tools and generate their arguments, potentially producing multiple calls in a single response. Standard autoregressive decoding generates these calls token by token, incurring substantial latency for requests involving multiple calls or many argument fields. The explicit argument structure offers opportunities for parallel generation, but later argument values may depend on preceding fields and calls, so independently generated values can differ from the target model's output. We present SchemaFill, a framework for efficient LLM tool calling through slot-parallel speculative decoding. SchemaFill generates future slot values concurrently as candidates, without requiring advance knowledge of the actual call sequence or argument values. Candidates spanning multiple fields and calls are concatenated for verification by the target model under the actual output prefix. Only verified tokens are committed, and the target supplies corrections when candidates disagree. This applies target verification whi…",AI inference serving and networking,,AMD; AMZN; ANET; AVGO; CRDO; CRWV; GOOG; MRVL; MSFT; NBIS; NVDA; ORCL,,58,64,2026-10-08T16:25:45.888932+00:00
ffd5d47c640e27da,2026-10-04,news,Google News: long context inference serving KV cache AI,https://news.google.com/rss/articles/CBMickFVX3lxTE0xT3dTTlI4bTRQc2RFOGJLWFE5djdpSlp2bUJuWVV0ZEQ4YUhhcHo0NXpjQzVDNjFXR2hxc1RXSEZITDVaQWNndnZ1Z1JGSUdkeVFQV3B5NkRUVVExcHVnZXlqZjZuVC1JbWVHZ1ZIc3NKUQ?oc=5,GLM-5.3-Flash Setup: API vs Self-Host in 13 Steps [2026] - https://tech-insider.org/,GLM-5.3-Flash Setup: API vs Self-Host in 13 Steps [2026] https://tech-insider.org/,AI inference serving and networking,,AMD; AMZN; ANET; AVGO; CRDO; CRWV; GOOG; MRVL; MSFT; NBIS; NVDA; ORCL,,64,70,2026-10-08T16:25:41.936136+00:00
86d651f702d9b242,2026-10-04,news,Google News: long context inference serving KV cache AI,https://news.google.com/rss/articles/CBMiX0FVX3lxTFBFaDJ6b0F4VG9LazFDRGZ6Y1hFTlIweUVUZ1dWeVhSbFhnZHhWU3E5d3F5T19mUkUyUk5PTXRaNWl4WFVVd0U4Q3Z4cm9pV1ZFeDZiY0YwWXZjWVNYMGJF?oc=5,"What Makes Open Models Fast in Production — Sujee Maniyam, Nebius｜AI Engineer - BigGo Finance","What Makes Open Models Fast in Production — Sujee Maniyam, Nebius｜AI Engineer BigGo Finance",AI inference serving and networking,,AMD; AMZN; ANET; AVGO; CRDO; CRWV; GOOG; MRVL; MSFT; NBIS; NVDA; ORCL,,64,70,2026-10-08T16:25:41.936136+00:00
dde2c2280f3c519a,2026-10-04,news,Google News: long context inference serving KV cache AI,https://news.google.com/rss/articles/CBMi4gFBVV95cUxOTnFZc185NWlsRXF5UnJwaWJwMkFtRHVwZVd2VF94UW1PR19abkRRaXJEV2hwTkhZMGVoNzk1U0hEci1ENUhQMURnMmtLNnRleXRadmtfcXNWd19FQVphd1dHdzM5dFowZHJCRTc0Y0Z5Q2NEbXVoR1g4ZTR3SW1fYXV5MWRQR0dSTGNpb1BBUnlyZGxyaDN4eWhYdFFHOEVETVNkUFFJb09VcnQxY0R4R3JSaDNDQTZnTC1DdXdPWVBCalQ1U1Rfb2ZfLTBPczJNcmRiZlotaE9QZHg4T2Q1U0pB0gHiAUFVX3lxTE5OcVlzXzk1aWxFcXlScnBpYnAyQW1EdXBlV3ZUX3hRbU9HX1puRFFpckRXaHBOSFkwZWg3OTVTSERyLUQ1SFAxRGcya0s2dGV5dFp2a19xc1Z3X0VBWmF3V0d3Mzl0WjBkckJFNzRjRn…,Aleph Alpha Releases Kolibri: A 78.1B Open-Weight English-German MoE Model With Only 3.46B Active Parameters - MarkTechPost,Aleph Alpha Releases Kolibri: A 78.1B Open-Weight English-German MoE Model With Only 3.46B Active Parameters MarkTechPost,AI inference serving and networking,,AMD; AMZN; ANET; AVGO; CRDO; CRWV; GOOG; MRVL; MSFT; NBIS; NVDA; ORCL,,64,70,2026-10-08T16:25:41.936136+00:00
15f27dedf55222a3,2026-10-04,arxiv,arXiv: Speculative decoding,https://arxiv.org/abs/2610.04875v2,SpecFold: Folding Multi-Branch Redundancy for Faster Speculative Decoding in Diffusion Language Models,"Diffusion large language models (DLLMs) generate text through iterative block denoising, and multi-branch speculative decoding accelerates this process by verifying a main branch together with multiple draft branches in a single forward pass. While prior DLLM acceleration methods primarily exploit temporal redundancy across denoising steps, we identify a complementary redundancy axis within each speculative verification step: multi-branch computational redundancy. During speculative verification, draft branches inherit most tokens from their parents while unmasking a small set of additional positions, causing large portions of hidden states to remain highly similar across branches. We propose SpecFold, an algorithm-system co-design that exploits this multi-branch redundancy to reduce the cost of multi-branch speculative verification. Algorithmically, SpecFold performs token-level residual gating and selectively reuses parent computation through folded attention and FFN while preserving residual hidden states. Systemically, a Triton kernel implementation translates this fine-grained reuse into end-to-end throughput gains through efficient sparse multi-branch execution. SpecFold is…",AI inference serving and networking,,AMD; AMZN; ANET; AVGO; CRDO; CRWV; GOOG; MRVL; MSFT; NBIS; NVDA; ORCL,,58,64,2026-10-08T16:25:45.888932+00:00
f1f83f8bc4933c86,2026-10-03,news,Google News: physical AI robotics world model,https://news.google.com/rss/articles/CBMi3gFBVV95cUxNQUctaHE1X2FIRUZQeVdMa1ZFN3FxWGtGUElNbGVjSjZMVEhEV2FTcDZ4cm9McUNWS2xsN3RVSGxKako4YzhqWlBrQVdwUFh2S1UwYnVvT3RGYjRBcDZzZnY5RFUwWFdlNEE4dlNic2hOVGt0aVAycEdmckN3bnRyb1ctLXk5Vmk5bUFuVVR3Y0E4c3lWV0EtYkVDam41aDVJNVdWRmNrV0VXcDlkcVVlUlV5cU5BTnBla0E0YUNFdER4ZTQ0aVc2cDBqQ3dTUHpVcHNOX0pfOGxPN2o5RVE?oc=5,Bonsai Robotics Unveils Bonsai World to Accelerate Physical AI Across Rugged Environments - El Paso Times,Bonsai Robotics Unveils Bonsai World to Accelerate Physical AI Across Rugged Environments El Paso Times,Physical AI and robotics,,ISRG; NVDA; ROK; TER; TSLA,,61,67,2026-10-08T16:25:41.936136+00:00
41a259d2f2dda113,2026-10-02,news,Google News: US domestic semiconductor supply chain advanced packaging materials equipment,https://news.google.com/rss/articles/CBMitgFBVV95cUxPZ3hscmRKM01kYVVMSzNSREFHTEJFZ3hDalZJa2tGM1ZTMnBHbDRNOG9USHBwS0ctVDJQMWJMQkd5YmlzSk5JLXdjLUVUY2hPOXN4c2J6WXR0RHJ3NTZ4Z1lhbEdDZldBS1NwUDYzWkRvNFpqQnZDSENNQTRFMFcyTFNGcDhWeW5CNjZ5bEt3NHYwd0tvdENtS1NITHpVSzZoYngwblRBMFlSRGlOajI0V0NXMDN1Zw?oc=5,China’s Semiconductor Bottlenecks Are Disappearing - RealClearDefense,China’s Semiconductor Bottlenecks Are Disappearing RealClearDefense,Semiconductor materials and consumables; Space defense and autonomous systems,,AMAT; ASTS; AVAV; ENTG; INTC; LMT; LRCX; PL; Q; RKLB; RTX; TSM,,68,78,2026-10-08T16:25:41.936136+00:00
fdbbcc69a6a58b26,2026-10-02,news,Google News: Vera Rubin AI factory NVIDIA,https://news.google.com/rss/articles/CBMibEFVX3lxTE9GN0tTS3VSQUp3MXZjYk5PeXZfVkJhX1MtX2pySEcxODRaU29nM1dHaGxWOGJ6RUh4djZyeWJpaFpOQTZDQWFsalJ3eXdlWk9GUFN4YkhjT0RPb3lqZGhJQ242UmkxWmZhNHhfZg?oc=5,NVIDIA GPUs Help AI Factories Get The Most Tokens Per Megawatt - Quantum Zeitgeist,NVIDIA GPUs Help AI Factories Get The Most Tokens Per Megawatt Quantum Zeitgeist,Rack-scale AI factory,NVDA,ANET; CRDO; DELL; ETN; HPE; MRVL; NVDA; SMCI; VRT,,64,70,2026-10-08T16:25:41.936136+00:00
e4db8cd96e0dbb46,2026-10-02,news,Google News: Vera Rubin AI factory NVIDIA,https://news.google.com/rss/articles/CBMivwFBVV95cUxNcGRKYnl2aVJkc0c4QVZmOHgzejVReW8xaDE4cEsxaFpMTmc3RXBTTDFFUEVWR0otUUpkWUF2Q09sSE9Sd0REQlB2bWctWTlwRVkyUXFSWEM2VjM3Um5CMGh1eG1hVzY3czBTUm02RGZFdmd1ckx2aWlqNkpFcFFjN1h0MXllT0ZEWV83dWZnVGQwNHJZU0FsYk1FN1k1U1c1TE9nUU0zcW1DOUxjT251QmpFZzhFZmVfU29qbmFGQQ?oc=5,CRWV's Vera Rubin Push: Can AI Infrastructure Fuel Its Growth Engine? - TradingView,CRWV's Vera Rubin Push: Can AI Infrastructure Fuel Its Growth Engine? TradingView,Rack-scale AI factory,CRWV,ANET; CRDO; CRWV; DELL; ETN; HPE; MRVL; NVDA; SMCI; VRT,,64,70,2026-10-08T16:25:41.936136+00:00
1b6d26997bb82779,2026-10-02,news,Google News: Vera Rubin AI factory NVIDIA,https://news.google.com/rss/articles/CBMiogFBVV95cUxPWi1NN0FPTl82U1JfTGpnVmwyYTQ4RUpnY3JyZ042UkJzQ1ZFOTU2TTlLZmRCUzAtbEhDdlhuWmRQdXg5ckkxZm8xa3hnaFQtT1lLQ1BqY1lJdVM5NWIxYXhHUmpXTUtGajNCeEZsV0s0WHBtZkNRbjYyRnlpTTU0bTJOakFqTlZGdkNYbDJuTW1DLVNYcWthemxIWV9XeDh3UVHSAacBQVVfeXFMTVFKd04wNXNRXzg0clNwdjZoUFBJaVZkUVJBeVdvQ09hMDRpY2QtdXNsQmQ1amU0ZjVqRUlPVmhwLW1uWi1KNlNJejdrUU1DTkdQMXRJOUJvbW50V1Brd1h2VmdhUjdKdERUQUlmX3c0dTJmY0NLLWRuOUhFNkZYWDRRRnZzMTF1RGRLcGlOb3RtTU9aRVNsdURtaDdLY3pSaVFORVR0d0k?oc=5,"NVIDIA’s Ian Buck Says CoreWeave’s V100 GPUs Still Run Nearly A Decade Later, Even As Vera Rubin NVL72 Goes Live With a 4.8x Token Generation Speedup - Wccftech","NVIDIA’s Ian Buck Says CoreWeave’s V100 GPUs Still Run Nearly A Decade Later, Even As Vera Rubin NVL72 Goes Live With a 4.8x Token Generation Speedup Wccftech",Rack-scale AI factory,CRWV; NVDA,ANET; CRDO; CRWV; DELL; ETN; HPE; MRVL; NVDA; SMCI; VRT,,64,70,2026-10-08T16:25:41.936136+00:00
8255985df84ed554,2026-10-02,news,Google News: Vera Rubin AI factory NVIDIA,https://news.google.com/rss/articles/CBMipgFBVV95cUxQRzVyNTBWT3BWMHBsOU1TcExjYWE2cDRXVWpIdE11dWkwTFRENU15eFVxUkxjcTlXMXNJTmZ3OE5nRHB4MjEtWmtMM1RUdWlHeXdMRjE0RXZxVERxeWM4eEh5SGhTczdYdFIteWlJX1E4OTlzQ3F1ckoyNENwX2E3S0NuR2dna1VQT0NGRVdzLWtWbHZGZGhNdDVNc3VpTUN1OEZxdHZR?oc=5,Cisco expands secure AI factory with NVIDIA for the rack-scale era - TahawulTech.com,Cisco expands secure AI factory with NVIDIA for the rack-scale era TahawulTech.com,Rack-scale AI factory,NVDA,ANET; CRDO; DELL; ETN; HPE; MRVL; NVDA; SMCI; VRT,,64,70,2026-10-08T16:25:41.936136+00:00
351a0ce646f0a368,2026-10-02,news,Google News: co-packaged optics AI data center CPO,https://news.google.com/rss/articles/CBMikAFBVV95cUxOQlVzRHBHdE8xa0xNRTY0cy1pYUdvOUdmSUlMeEdfQnk1QTUydEZBa3lXaWFzdWh1MEo3Skd3Q20xemlaNmNFY2RQYzd4ZHpVOF9faHlzQVRKTWhsVG1LeHc5cDhZU3BMWlZjcm80ckFwbVRvQTdaR0lLT2dWdDd4WWlDNWswV1NhVmxmeXJ4eW4?oc=5,224G linear optics support NPO and CPO architectures - 5G Technology World,224G linear optics support NPO and CPO architectures 5G Technology World,CPO and optical interconnect,,ANET; CIEN; COHR; CRDO; FN; GLW; LITE; MRVL; NVDA,,64,70,2026-10-08T16:25:41.936136+00:00
556b8725f1bfd20a,2026-10-02,news,Google News: long context inference serving KV cache AI,https://news.google.com/rss/articles/CBMi0AFBVV95cUxNNElvdHJZMDlfdzRhZ2JKd0FXWlRSZkpaS0sxZFdVb1h2djhrV1FFdEl1MjRGaWhoVE55ZnduT0ppZnhpN0MwZ2JxUlZVZ2VUbUJ1S3Aza013REJobEdMZ0JWZ1hBeTFmUVktVU5tSzR2NWhoS3lvWGFpZlZHSDJUQ2lESGlRY25rdUgwZi1QSFF1Z2NrSFR0a2JNU1FTM0tWYTB6Q0xSeGlPUE1wNThJOGRnZmpDbzYtUkZCMi1PQ1VxTHpnRHI0MWJQaXVxbnNO?oc=5,F5 Benchmarks Show NVIDIA DPU Routing Triples AI Throughput at Peak GPU Memory Load - Tech Times,F5 Benchmarks Show NVIDIA DPU Routing Triples AI Throughput at Peak GPU Memory Load Tech Times,AI inference serving and networking,NVDA,AMD; AMZN; ANET; AVGO; CRDO; CRWV; GOOG; MRVL; MSFT; NBIS; NVDA; ORCL,,64,70,2026-10-08T16:25:41.936136+00:00
7984075f26ce5beb,2026-10-02,news,Google News: HBM AI server storage memory bandwidth,https://news.google.com/rss/articles/CBMihwFBVV95cUxPZjNwVnFkeDhRbGV3ekJfUDlJbW5xQjBWVUhRRWgxYm52TlJKcEkwVWNxM1ZOUE5ZVDZmUVlocG10NVpibEdSc1ZKc2pYalVma0c4UlpuVXN4LVJSVHFlYWdYbURMOVZYV0JuQUxnaVhXME1KNXEyMENqNkVSYllDNWpGSERVRGc?oc=5,Micron Warns Memory Shortage Will Get Worse Through 2028 - TechRepublic,Micron Warns Memory Shortage Will Get Worse Through 2028 TechRepublic,HBM memory and context storage,,AMD; MU; NTAP; NVDA; PSTG; SNDK; STX; WDC,,64,70,2026-10-08T16:25:41.936136+00:00
7de82c28130e256f,2026-10-02,news,Google News: HBM AI server storage memory bandwidth,https://news.google.com/rss/articles/CBMioAFBVV95cUxQMF9ib2pROHhsMEdNSWpnaWRDMmsycU5fal9LQWVlZnR3RklIQmJWZVdEbzEwT3V3V1hDRGdfNWNRdjRfTmhkbW84dW9TSnNiYTZoeC1UNjl2TmVhWVRkbFVJWGNya0lnLU9ZNDBtejc1RHJzOFhsZ0FXQ3VvenBab2ZoVExDRlRURVIxNVdaZ1lyZzhKcTh3c0dsc3hXYTdC?oc=5,Vietnam begins to benefit from race to expand AI chip production - Theinvestor,Vietnam begins to benefit from race to expand AI chip production Theinvestor,HBM memory and context storage,,AMD; MU; NTAP; NVDA; PSTG; SNDK; STX; WDC,,64,70,2026-10-08T16:25:41.936136+00:00
719d3f7ec6391ec9,2026-10-02,news,Google News: HBM AI server storage memory bandwidth,https://news.google.com/rss/articles/CBMiqwFBVV95cUxQc0gtRkRDN2t6d1E0TEtxcHRocWluSEp0T2Q2SVktYzZ4LWdPcERYdlhvcTBUMW1NTEFxX3JXY2ttWDJzVXhRS0ZveXhUajVadWlDa2p1NGhXUmdyZS1Hc2dmRUNweXlWQkpEMzBndmpqT0NmbFUtZUg4LTA0OVhxRmszVXF5Umo4VDhkeTEyZGlUYzBTYkktbjY2eHJyZ25CZnVIRmpiTlBxSVk?oc=5,Micron Q4: AI Demand Drives Record Profits - TradingView,Micron Q4: AI Demand Drives Record Profits TradingView,HBM memory and context storage,,AMD; MU; NTAP; NVDA; PSTG; SNDK; STX; WDC,,64,70,2026-10-08T16:25:41.936136+00:00
921da0892f7ce485,2026-10-02,news,Google News: HBM AI server storage memory bandwidth,https://news.google.com/rss/articles/CBMiwAJBVV95cUxQTDRjS2Fkamh5RjZzYlVxMzVjdElpWmVKWUFNRDdfd2RzRkJqcnZoTHNfNFBtVkNXSXBRUV9vLXUyOGlmX1dVQ2NNR3NnYlJYXzZ4TnZQVlBhUlpqTXdfbjJpSUllV3RYNmc0M3oybU5lY05GVlozYmlxeXMwR2FxV0JmREJiX3licnBKYmdPU3NCNGhJak9BZzBiVU1jTkNvU0lIN1BBRkZjenpBNURxUmZQclJSblBLMzZNTHB5S00yV1RtOHd5R2U0TmsweE1PTDZjNGlkNFBMR1FyenQ5QkZWR19oU0tTWFgxQ1ZCMDA0Qmw2bUROdm9FeWdINzFnbU1NcWJ2X3dpRUIzRlZDV1FJOXVLRHdwTFU5NllCTHFTcklHSTFZMzN1eWNwNUViUkE4MC1IYkVwM2lxYXF2Xw?oc=5,"Social Security's 2027 COLA Estimate Is Likely to Have Jumped in September, Courtesy of a Trump Bump and the Stock Market's No. 1 Catalyst - The Globe and Mail","Social Security's 2027 COLA Estimate Is Likely to Have Jumped in September, Courtesy of a Trump Bump and the Stock Market's No. 1 Catalyst The Globe and Mail",HBM memory and context storage,,AMD; MU; NTAP; NVDA; PSTG; SNDK; STX; WDC,,64,70,2026-10-08T16:25:41.936136+00:00
2d21d79d9cd966c6,2026-10-02,news,Google News: US domestic semiconductor supply chain advanced packaging materials equipment,https://news.google.com/rss/articles/CBMib0FVX3lxTE5FQ1ZFUWppSWlUMGZpTFNtR0JaM1RTQ1U2LWRFVVU3OU14VldyX25RMDFLSnNKaHY2WFhuc25MNklqanJLdXZtS1dwek5jYXVxTG0wd0xlc0V3NzVLNFRhcnJSbjBxMnA3Q1BTUkYtbw?oc=5,Air Products commits $250 million to supply industrial gases for U.S. semiconductor manufacturer expansion in Arizona - Energies Media,Air Products commits $250 million to supply industrial gases for U.S. semiconductor manufacturer expansion in Arizona Energies Media,Semiconductor materials and consumables,,AMAT; ENTG; INTC; LRCX; Q; TSM,,62,70,2026-10-08T16:25:41.936136+00:00
49e368c2493034f9,2026-10-02,news,Google News: US domestic semiconductor supply chain advanced packaging materials equipment,https://news.google.com/rss/articles/CBMiqAFBVV95cUxPNlFkdm02VTBSZW10b3lqdEtSTzFHODZzOVZaczdlNmU2cGN5THA5ejhnT1YwdXVNdndzajlzQ2dEb3dhUHBGZ2tsOGRlSGlVQmFLbTRSc204OEpXTlJPZXVGb1dyZHhrWEl5end4ZDdDVnNVdG5oVEtlWVQwQTgzM2lKckRmU3VlMkpQWWt5MURfV1pILWF6RDJFalRFMUk5MUhCZmpJWnM?oc=5,TSMC Expands Advanced Semiconductor Capacity to Support AI Demand- Spherical Insights Analysis - Spherical Insights,TSMC Expands Advanced Semiconductor Capacity to Support AI Demand- Spherical Insights Analysis Spherical Insights,Semiconductor materials and consumables,,AMAT; ENTG; INTC; LRCX; Q; TSM,,62,70,2026-10-08T16:25:41.936136+00:00
bc776823585ba1a4,2026-10-02,news,Google News: physical AI robotics world model,https://news.google.com/rss/articles/CBMijwFBVV95cUxNME9VdncwOHBES21xREdFNVpXVWhjYzFaMXloR1JmUjlpVjl3ZlpSSzBhdkkwcWJja29RSU1OV0R0V2hFQUVrNHphOVd0aGxZeG4yYWNiYXBkQ3J1MUthUUk0T1NySWdXQm95bmo5aG43MERPV2ZRSlBvYlREeEFkakFyUnlxRU8waE1PTWNrcw?oc=5,Runway introduces Praxis-1 world action model for robotics - The Robot Report,Runway introduces Praxis-1 world action model for robotics The Robot Report,Physical AI and robotics,,ISRG; NVDA; ROK; TER; TSLA,,61,67,2026-10-08T16:25:41.936136+00:00
38e353f32fc5ac82,2026-10-02,arxiv,arXiv: Speculative decoding,https://arxiv.org/abs/2610.02670v1,LEAP: Learning Efficient Action Proposals For LLM Agents,"LLM agents are known to be slow in rollouts. An agent completes a task one step at a time. At each step, it reasons and then chooses an action to execute. The next step and action cannot start until the previous one has finished. Speculative decoding accelerates the rollouts at the reason phase by drafting and verifying the inference tokens. Recent works have also started to apply similar ideas at the action phase. These works use off-the-shelf models, usually large, to draft action proposals for target model to verify. Large drafters match the target more often but take longer to propose, while small off-the-shelf models are fast but rarely make the same decision as the target. We ask a more general question: what determines the end-to-end speedup of action speculation? To answer it, we develop a latency framework for the speculative round. The framework compares what a round gains with what it costs. The gain depends on how well the drafter predicts the target and on how many steps the task can take before it ends. The cost comes from drafting, from waiting for target verification and from executing tools. Guided by the framework, we introduce LEAP (Learning Efficient Action Pro…",AI inference serving and networking,,AMD; AMZN; ANET; AVGO; BE; CRDO; CRWV; GOOG; MRVL; MSFT; NBIS; NVDA; ORCL,,58,64,2026-10-08T16:25:45.888932+00:00
8326aac789e3a7f5,2026-10-01,official,NVIDIA Blog,https://blogs.nvidia.com/blog/gpus-openai-gpt-6-astra-ultrafast/,How NVIDIA GPUs Help Accelerate OpenAI’s GPT-6 Astra Ultrafast,"GPT-6 Astra Ultrafast, running on NVIDIA Blackwell GPUs, is available now in the OpenAI API and to eligible ChatGPT Work and Codex users. Accelerated by inference optimizations through OpenAI’s models that tap into the capabilities of the NVIDIA Blackwell architecture, Ultrafast offers up to 8x faster token generation than the Astra Standard mode. For developers, […]",Rack-scale AI factory,NOW; NVDA,ANET; CRDO; DELL; ETN; HPE; MRVL; NOW; NVDA; SMCI; VRT,,90,86,2026-10-08T16:25:41.936136+00:00
34987b05b47e59d1,2026-10-01,news,Google News: co-packaged optics AI data center CPO,https://news.google.com/rss/articles/CBMitwFBVV95cUxPR0xKdy0xcEpYbWc0Zk9tLVltUzZkNEpYT2wyMG5hcUdKblgzTlFXaW9PLXllZnhndVJxNVJsV3VvSlQ2QVRvY1BrbWstMkhkeGdUdWNuemFHSnFEZTNBQzRxdkh4R3FXUVF0MW9lN1ktZVZBNC1qeHl3WmhySjBaYk1uZDhOdmszdG5JVjJOMlNtN3ZRUnUydXNnLWd3YzgzNTh1cHdkTG95WEo5NGd5SllLdm5YWEk?oc=5,COHR Stock Leads AI Infrastructure Stocks Higher as Coherent Launches Data Optics Platform - inkl,COHR Stock Leads AI Infrastructure Stocks Higher as Coherent Launches Data Optics Platform inkl,CPO and optical interconnect; Rack-scale AI factory,COHR,ANET; CIEN; COHR; CRDO; DELL; ETN; FN; GLW; HPE; LITE; MRVL; NVDA; SMCI; VRT,,68,78,2026-10-08T16:25:41.936136+00:00
b092d8b286636b32,2026-10-01,news,Google News: HBM AI server storage memory bandwidth,https://news.google.com/rss/articles/CBMi4AFBVV95cUxOOXhhVGFGLTJCM2N6SFVNOVBwMVRpT3U3b2Y2cTJEbC1OeHVJcFBtcFB2b3NtVkstMW9YTnF4c2ozWVlSa2pZVHNYY1p3SWswWVUzUnNySnlWcmFoY2J2OUxTMzR6ckM5Q1FQcXpnWEVQNFNKWXpwT085alVieWI5S2RzWjZBOEhHaENMaXNCWXQ5OEFSeldYLWRjcWZQQ3hxU3lycmszSDJHMHU5QlA1cl9YdlRSd2hyN0UzZmc2a2JsamZpWkZXdU1DZjJfT2thakI5eklOTjNZWlFyUUZTcw?oc=5,Buy Micron Stock After AI Memory Demand Fuels Record Q4 Results? - The Globe and Mail,Buy Micron Stock After AI Memory Demand Fuels Record Q4 Results? The Globe and Mail,HBM memory and context storage,,AMD; MU; NTAP; NVDA; PSTG; SNDK; STX; WDC,,64,70,2026-10-08T16:25:41.936136+00:00
7109d0366c3d0479,2026-10-01,news,Google News: physical AI robotics world model,https://news.google.com/rss/articles/CBMiugFBVV95cUxNUzlIU2ZFdWhLY3R5U1hIcVUzNEQydHVHeU9oRk1mQTNrMF9BUUtBQWRPNTVYWjVjeU1lNFZLZ0EyQ2F4RUNqZk9uZ29ETW1vcnNaQ1NvX0J4SXlfalVzVWwwRkVXa1p2QXVsNENBc0lFNmNKM2ZzXzkxTGQtSDBxWkt2WFJFV1IzRlBfbkVldEV2SFBmaHhBb3M1VjFydWkwTjZJUmJuenJkeHRtaGNqX2w5aHhIZDhDUWc?oc=5,Runway moves into robotics with open-weight Praxis-1 AI model - Robotics & Automation News,Runway moves into robotics with open-weight Praxis-1 AI model Robotics & Automation News,Physical AI and robotics,,ISRG; NVDA; ROK; TER; TSLA,,61,67,2026-10-08T16:25:41.936136+00:00
b7d696ecb39939e3,2026-10-01,news,Google News: physical AI robotics world model,https://news.google.com/rss/articles/CBMilAFBVV95cUxPc29qLXRhZXRLVEN5a3lodXljVk0tOUNWRUlQREw3bTlHYThLX0UzMFUyV0JfcU1lMW9TXzFUQ093QkdVVzBFRUItd0NMdTlERGFRS1ZLZHlRZHVHdEJrUmZ5OEV1Nk0way1Zakh0YjZYZ29lNmRhS2dqMmMzUkJ6d1BzamxyT0FrUlozQ08zV29oRmNj?oc=5,"MindOn wants robots to work at human speed, not just complete tasks - Interesting Engineering","MindOn wants robots to work at human speed, not just complete tasks Interesting Engineering",Physical AI and robotics,,ISRG; NVDA; ROK; TER; TSLA,,61,67,2026-10-08T16:25:41.936136+00:00
